id,state_name,Proposal_no,Onlineuserid,user_id,Proposal_Name,category,user_agency_name,area_applied,date_from_ua_to_nodal,proposal_status,date_of_recomm,Undersection_Act
28524,Andhra Pradesh,FP/AP/Others/35059/2018,74494,,Kottavalasa - Koraput BG Doubling Project,Others,DYCEVSKP_CON@WAT.RAILNET.GOV.IN,734.754,30-Jul-18,Draft,,Section-2(iii)
27622,Andhra Pradesh,FP/AP/Others/34153/2018,2743,,Formation and Bt road including construction of culverts from P R Road to Garimanda,Others,EXECUTIVE ENGINEER PIU VISAKHAPATNAM,4.65,12-Jun-18,Under Examination,,Section-2(iii)
16338,Andhra Pradesh,FP/AP/Others/23898/2017,43081,,THIRUVALLUR-BENGALURU SECTION OF R-LNG UNDERGROUND PIPELINE,Others,Indian Oil Corporation Limited (Pipelines Division),4.6,2-Feb-17,Draft,,Section-2(iii)
15520,Andhra Pradesh,FP/AP/Others/23049/2016,42715,,Sukashram,Others,JEEVARAKSHAKA,1.5,14-Dec-16,Draft,,Section-2(iii)
40017,Arunachal Pradesh,FP/AR/MIN/45606/2020,111943,,Establishment of Stone Crusher,Mining,M/S VINAY BHARDWAJ,1.7,29-May-20,Under Examination,,Section-2(iii)
29275,Arunachal Pradesh,FP/AR/MIN/35810/2018,4937,8-10/2019-FC,KHEREM AA/ONDSF/Kherem/2016 Development Proposal,Mining,Hindustan Oil Exploration Company Ltd,200,7-Sep-18,IN-PRINCIPLE,19-Mar-19,Section-2(iii)
15173,Arunachal Pradesh,FP/AR/Others/22569/2016,43457,,Highway,Others,NHIDCL,20,,Draft,,Section-2(iii)
27677,Assam,FP/AS/MIN/34209/2018,62318,,"Proposed Development Drilling wells and Testing of Hydrocarbons in Duarmara Block in Margherita, District - Tinsukia; Assam",Mining,OILMAX ENERGY PRIVATE LIMITED,9.3,14-Jun-18,Under Examination,,Section-2(iii)
27420,Assam,FP/AS/MIN/33968/2018,62219,,"Proposed Development Drilling Wells and Testing Hydrocacrbons in Dipling Block - AA/ONDSF/DIPLING/2016 in Sivasagar (Charaideo) and Dibrugarh District, Assam",Mining,RAMAYANA ISPAT PVT LTD,3.06,1-Jun-18,Under Examination,,Section-2(iii)
15180,Assam,FP/AS/MIN/22580/2016,7251,,New Umrangshu Limestone Mine,Mining,CALCOM CEMENT INDIA LTD,425.5,25-Nov-16,Draft,,Section-2(iii)
30060,Bihar,FP/BR/Others/36593/2018,78049,,400 KV DC (Tripple Snwbird) Sitamarhi- Motihari TL,Others,POWERGRID MITHILANCHAL TRANSMISSIOM LTD SITAMARHI,1.8698,17-Oct-18,Under Examination,,Section-2(iii)
28655,Chandigarh,FP/CH/Others/35190/2018,75095,,"B/I of 1 no. deep deep bore T/Well 12"" x8"" i/d RRR method for frinking water supply including pumping mahinery and construction of G.I. corrugated shed etc. at village Raipur Khurd, U.T. Chandigarh.",Others,PUBLIC HEALTH DEPARTMENT,1,6-Aug-18,Under Examination,,Section-2(iii)
18357,Chhattisgarh,FP/CG/Others/26685/2017,50877,,NEW POLICE STATION PANDUKA,Others,SUPERINTENDENT OF POLICE OFFICE GARIABAND,5,28-Jun-17,Draft,,Section-2(iii)
17745,Chhattisgarh,FP/CG/Others/26054/2017,50841,,EDUCATION HUB SHYAHIMUDI,Others,ASSISTANT COMMISSIONER TRIBAL WELFARE DEPARTMENT KORBA,8.57,7-May-17,Draft,,Section-2(iii)
16048,Chhattisgarh,FP/CG/MIN/23590/2017,627,,Bodai Daldali Bauxite Mines,Mining,BALCO,33.566,11-Jan-17,Draft,,Section-2(iii)
16005,Chhattisgarh,FP/CG/MIN/23546/2017,45653,,Iron Ore Mining - Pushp Steels,Mining,PUSHP STEELS AND MINING PVT LTD,149,9-Jan-17,Draft,,Section-2(iii)
15515,Chhattisgarh,FP/CG/MIN/23044/2016,43946,8-66/2016-FC,Rasuli Irion Ore Mines,Mining,NAVBHARAT FUSE COMPANY LIMITED,220,14-Dec-16,PENDING WITH-SG,16-Dec-16,Section-2(iii)
15306,Chhattisgarh,FP/CG/MIN/22829/2016,3571,,DIVERSION OF 79.56 HA OF FOREST LAND & COST BENIFITE ANAYSIS FOR MINING LEASE OF IRON ORE IN FAVOUR OF M/S MONNET ISPAT AND ENERGY PVT. LIMITED.,Mining,Monnet Ispat & Energy Ltd.,79.56,2-Dec-16,Pending With-SG,,Section-2(iii)
15250,Chhattisgarh,FP/CG/MIN/22769/2016,11448,8-67/2016-FC,DIVERSION OF 413.745 HA OF FOREST LAND FOR BAILDILA IRON ORE MINING PROJECT IN FAVOUR OF M/S NMDC LIMITED IN DANTEWADA FOREST DIVISION IN DANTEWADA DISTRICT OF CHHATTISGARH - REG. (IRON ORE),Mining,NMDC,413.745,29-Nov-16,IN-PRINCIPLE,16-Dec-16,Section-2(iii)
15236,Chhattisgarh,FP/CG/MIN/22755/2016,3571,FC-II-CH-50-2016-NGP,Guma-Pausary Lime Stone Mine,Mining,Monnet Ispat & Energy Ltd.,25.071,29-Nov-16,Approved by REC,16-Dec-16,Section-2(iii)
15232,Chhattisgarh,FP/CG/MIN/22632/2016,29710,8-68/2016-FC,DIVERSION OF 50.00 HA. MINE CLOSURE PLAN OF METABODELI IRON ORE DEPOSIT IN KANKER DISTRICT OF CHHATTISGARH IN FAVOUR OF M/S JAYASWAL NECO INDUSTRIES LTD.,Mining,JAYASWAL NECO INDUSTRIES LIMITED,57,28-Nov-16,Rejected,13-Dec-16,Section-2(iii)
15229,Chhattisgarh,FP/CG/MIN/22629/2016,42816,8-69/2016-FC,"IRON ORE MINING IN FAVOUR OF M/S IND SYNERGY LIMITED IN HAHALDDI RANGE, BHANUPRATAPPUR (EAST) FOREST DIVISION",Mining,IND SYNERGY LTD,314,28-Nov-16,PENDING WITH-SG,14-Dec-16,Section-2(iii)
15188,Chhattisgarh,FP/CG/MIN/22588/2016,3289,8-70/2016-FC,Captive Lime Stone Mines (Area 299.751 Hec) SKS Ispat & Power Limited,Mining,SKS CEMENT LIMITED A UNIT OF SKS ISPAT AND POWER LIMITED,84.464,26-Nov-16,IN-PRINCIPLE,14-Dec-16,Section-2(iii)
15102,Chhattisgarh,FP/CG/MIN/22555/2016,6701,8-64/2016-FC,Chhotedongar Iron Ore Mines,Mining,SHRI BAJRANG POWER AND ISPAT LIMITED,66.02,24-Nov-16,Rejected,14-Dec-16,Section-2(iii)
15094,Chhattisgarh,FP/CG/MIN/22547/2016,43391,FC-II/CH-46/2016-NGP,ALNAR IRON ORE MINE,Mining,AARTI SPONGE AND POWER LTD,31.55,23-Nov-16,Approved By ROHQ,14-Dec-16,Section-2(iii)
15063,Chhattisgarh,FP/CG/MIN/22516/2016,9863,8-71/2016-FC,Pathrai Bauxite Mines,Mining,CHHATTISGARH MINERAL DEVELOPMENT CORPORATION LIMITED,99.35,23-Nov-16,IN-PRINCIPLE,13-Dec-16,Section-2(iii)
14999,Chhattisgarh,FP/CG/MIN/22451/2016,11448,8-72/2016-FC,"Bailadila Iron Ore Mine Dep-4 project of NMDC Ltd., Bhansi Village Dantewada Dist South Bastar CG",Mining,NMDC,665.23,21-Nov-16,Pending at HO,14-Dec-16,Section-2(iii)
21857,Delhi,FP/DL/MIN/30451/2017,61321,,abcd,Mining,ELECTRICITY DEPARTMENT,1,25-Nov-17,Under Examination,,Section-2(iii)
16847,Delhi,FP/DL/Others/24927/2017,38385,,Construction LILO of One Circuit of Bamnauli - Jhatikara 400 KV Transmission line,Others,POWER GRID CORPORATION OF INDIA LIMITED,0.1,15-Mar-17,Under Examination,,Section-2(iii)
16417,Delhi,FP/DL/Others/24026/2017,47161,,Laying of 600 mm dia MS water pipeline from Qutab UGR to NCERT Booster Pumping station through Sanjay Van,Others,Delhi Development authority,0.65,6-Feb-17,Under Examination,,Section-2(iii)
27991,Goa,FP/GA/Others/34527/2018,74110,,sample,Others,PUBLIC WORKS DEPARTMENT (B/R),0.2625,4-Jul-18,Draft,,Section-2(iii)
27602,Goa,FP/GA/Others/34132/2018,73984,,Not defined Yet,Others,LANDSCAPE CONSTRUCTION,0.2432,11-Jun-18,Draft,,Section-2(iii)
16026,Goa,FP/GA/MIN/23568/2017,41380,,MORANDEGA ADVONA IRON ORE MINING LEASE,Mining,A H JAFFAR SONS,66.6328,10-Jan-17,Draft,,Section-2(iii)
37324,Gujarat,FP/GJ/Others/42897/2019,86106,,GFGNL OFC laying Normal Forest area at Rajkot,Others,GUJARAT FIBER GRID NETWORK LTD,2.1,16-Nov-19,Draft,,Section-2(iii)
35677,Gujarat,FP/GJ/Others/41241/2019,94394,,Sardar Sarovar Project,Others,SARDAR SAROVAR NARMADA NIGAM LTD,2.57,19-Jul-19,Under Examination,,Section-2(iii)
34394,Gujarat,FP/GJ/Others/40952/2019,92255,,"Proposal for approach road route for Salt Pan Part-I to Part-II by Saurashtra Chemicals Division of Nirma Limited, Khijdiya Salt Works.",Others,"SAURASHTRA CHEMICALS DIVISION OF NIRMA LIMITED, KHIJDIYA SALT WORKS.",0.93,1-Jul-19,Under Examination,,Section-2(iii)
32183,Gujarat,FP/GJ/Others/38720/2019,84682,,VAPI REGIONAL WATER SUPPLY SCHEME,Others,GUJARAT WATER SUPPLY AND SEWERAGE BOARD GANDHINAGAR,0.807,2-Feb-19,Under Examination,,Section-2(iii)
29582,Gujarat,FP/GJ/MIN/36107/2018,76583,,mkc infrastucture ltd,Mining,MKC INFRASTRUCTURE LTD,3,22-Sep-18,Pending With UA,,Section-2(iii)
28293,Gujarat,FP/GJ/Others/34823/2018,74140,,DHRANGADHRA-SURENDRANAGAR OFC ROUTE,Others,DETP BSNL,1.9,28-Jul-18,Under Examination,,Section-2(iii)
27625,Gujarat,FP/GJ/Others/34156/2018,74140,,HALVAD-MALIYA OFC ROUTE,Others,DETP BSNL,0.75,15-Jun-18,Under Examination,,Section-2(iii)
27181,Gujarat,FP/GJ/Others/33758/2018,18413,,NOFN(LAKHAPAT DYAPAR),Others,RailTel Corporation of India limited,1.3027,22-May-18,Under Examination,,Section-2(iii)
22424,Gujarat,FP/GJ/Others/31016/2017,1294,,"Approach Road At Paddhar- bhuj, Suzlon Energy Ltd.",Others,SUZLON ENERGY LTD.,0.144,26-Dec-17,Draft,,Section-2(iii)
16208,Gujarat,FP/GJ/Others/23757/2017,45868,,Dedakdad-Rajkot OFC Route,Others,BSNL RAJKOT,1.395,18-Dec-17,Under Examination,,Section-2(iii)
20413,Gujarat,FP/GJ/Others/29120/2017,56768,,National Optical Fiber Network(NOFN),Others,RAILTEL CORPORATION OF INDIA LTD,0.8055,7-Sep-17,Draft,,Section-2(iii)
18215,Gujarat,FP/GJ/MIN/26540/2017,6549,,Tadkeshwar Opencast Lignite Mine Project,Mining,GUJARAT MINERAL DEVELOPMENT CORPORATION LIMITED,2.7,10-Aug-17,Draft,,Section-2(iii)
18388,Gujarat,FP/GJ/Others/26718/2017,43634,,Widening of Bhavnath road,Others,JUNAGADH MUNICIPAL CORPORATION,0.0633,17-Jun-17,Draft,,Section-2(iii)
18288,Gujarat,FP/GJ/Others/26615/2017,52865,,girnar mountain wss,Others,DEPUTY EXECUTIVE ENGINEER JUNAGADH,1.23,12-Jun-17,Draft,,Section-2(iii)
17741,Gujarat,FP/GJ/Others/26050/2017,51460,,Diversion of 24.3562 ha. protected forest land i.e. Road side strip plantation declared as protected forest for widening of NH-51 section from limbdi to ranpur (Existing SH-38) in surendranagar district,Others,NATIONAL HIGHWAY DIVISION ROADS AND BUILDINGS DEPARTMENT RAJKOT,24.3562,6-May-17,Draft,,Section-2(iii)
17697,Gujarat,FP/GJ/Others/26002/2017,49203,,Aastha Infra Lives Pvt Ltd- Helicopter Service,Others,AASTHA INFRA LIVES PVT LTD,0.08,4-May-17,Draft,,Section-2(iii)
17572,Gujarat,FP/GJ/Others/25874/2017,50876,,NOFN,Others,RAILTEL CORPORATION OF INDIA LTD,0.25065,27-Apr-17,Draft,,Section-2(iii)
17484,Gujarat,FP/GJ/Others/25782/2017,50856,,Special repairs of Northern Zone Bara Tract Reg water supply scheme Ta. Jambusar Dist.Bharuch.,Others,EXECUTIVE ENGINEER GWSSB BHARUCH,0.12,21-Apr-17,Draft,,Section-2(iii)
16604,Gujarat,FP/GJ/Others/24463/2017,43634,,Pajnaka Bridge,Others,JUNAGADH MUNICIPAL CORPORATION,0.315,17-Apr-17,Draft,,Section-2(iii)
17344,Gujarat,FP/GJ/Others/25634/2017,45868,,PORBANDER BHANVAD OFC ROUTE-2,Others,BSNL RAJKOT,0.55,11-Apr-17,Draft,,Section-2(iii)
17342,Gujarat,FP/GJ/Others/25632/2017,45868,,PORBANDER BHANVAD OFC ROUTE-1,Others,BSNL RAJKOT,1.665,11-Apr-17,Draft,,Section-2(iii)
17209,Gujarat,FP/GJ/Others/25475/2017,1124,,Widening of NH-58 Ch115/320 to 92/320,Others,NATIONAL HIGHWAY DIVISION,41.4,1-Apr-17,Draft,,Section-2(iii)
17208,Gujarat,FP/GJ/Others/25474/2017,1124,,Widening of NH-58 Ch 56/620 to 33/620,Others,NATIONAL HIGHWAY DIVISION,16.1,1-Apr-17,Draft,,Section-2(iii)
17205,Gujarat,FP/GJ/Others/25471/2017,1124,,Widening of NH-58 Ch 152/920 to 160/320,Others,NATIONAL HIGHWAY DIVISION,13.32,1-Apr-17,Draft,,Section-2(iii)
17200,Gujarat,FP/GJ/Others/25466/2017,1124,,Widening of NH-58 Ch 56/620 to 61/520,Others,NATIONAL HIGHWAY DIVISION,8.82,1-Apr-17,Draft,,Section-2(iii)
16863,Gujarat,FP/GJ/Others/24948/2017,48831,,Road Widening,Others,EXECUTIVE ENGINEER R AND B DIVISION BHUJ,7.04,11-Mar-17,Under Examination,,Section-2(iii)
15997,Gujarat,FP/GJ/Others/23538/2017,12717,,Radhanpur-Bhabhar road,Others,Deputy Executive Engineer,0.2025,9-Jan-17,Draft,,Section-2(iii)
33197,Haryana,FP/HR/Others/39751/2019,87920,,To Construct Link Road from Jhajjar-Bahadurgarh Drain to Dabodha Kalan alongwith Dabodha Minor and Link Road from Nayagaon to Isserheri alongwith Surakhpur MInor,Others,EXECUTIVE ENGINEER HSAMB JHAJJAR,3.264,8-Apr-19,Under Examination,,Section-2(iii)
30666,Haryana,FP/HR/Others/37173/2018,81535,,"Diversion of forest land of 0.0044 Ha. for opening access to O P Jindal Global University on Jagdishpur Road at Village Jagdishpur, Tehsil & District Sonipat Haryana",Others,O P JINDAL GLOBAL UNIVERSITY,0.0044,22-Nov-18,Under Examination,,Section-2(iii)
28569,Haryana,FP/HR/Others/35104/2018,66579,,ROW FOR LAYING OPTICAL FIBER CABLE,Others,VINDHYA TELELINKS LIMITED,2.565,1-Aug-18,Under Examination,,Section-2(iii)
28075,Haryana,FP/HR/Others/34613/2018,75188,,ANKIT GUPTA,Others,SARASWATI AGRO FOODS,0.1,7-Jul-18,Under Examination,,Section-2(iii)
27122,Haryana,FP/HR/Others/33698/2018,73155,,LUXMI PAPER BOARD INDUSTRIES,Others,LUXMI PAPER BOARD INDUSTRIES,0,18-May-18,Under Examination,,Section-2(iii)
25720,Haryana,FP/HR/Others/33299/2018,71182,,DEV ENERGY,Others,DEV ENERGY,0.05,24-Apr-18,Under Examination,,Section-2(iii)
24190,Haryana,FP/HR/Others/32803/2018,67555,,RICE MILL,Others,R D AGRO,0,27-Mar-18,Under Examination,,Section-2(iii)
23915,Haryana,FP/HR/Others/32533/2018,66890,,SCIENCE LAB,Others,FOREVER CROP SCIENCE,0.01,14-Mar-18,Under Examination,,Section-2(iii)
23808,Haryana,FP/HR/MIN/32423/2018,66192,,Maruti Kunj Pataudi,Mining,SILVERLAKE BUILDTECH PVT LTD,5.66,7-Mar-18,Under Examination,,Section-2(iii)
23288,Haryana,FP/HR/Others/31902/2018,65410,,connaught Place commercial,Others,AERENS GOLDSOUK PROJECTS(HISAR) PVT. LTD,0.450125,12-Feb-18,Under Examination,,Section-2(iii)
23094,Haryana,FP/HR/Others/31705/2018,11220,,ofc work at Kaithal by RJIO,Others,RELIANCE JIO INFOCOMM LIMITED,0.9126,5-Feb-18,Under Examination,,Section-2(iii)
22661,Haryana,FP/HR/Others/31251/2018,63622,,"Diversion of forest land 0.028934 Ha for access to the Existing Retail Outlet of Indian Oil Corporation Ltd. along Sohna-Mandkola Road(LHS), near KM Stone-10, Khewat No. 36/43, Kila No. 4/14, at Village - Kherli Dosa, Tehsil - Nuh, District - Mewat (Haryana).",Others,M/S INDIAN OIL CORPORATION LTD.,0.019054,15-Jan-18,Under Examination,,Section-2(iii)
22711,Haryana,FP/HR/Others/31301/2018,63764,,GOODRICH FOODTECH LTD,Others,GOODRICH FOODTECH LIMITED,1,11-Jan-18,Under Examination,,Section-2(iii)
22515,Haryana,FP/HR/Others/31104/2018,59191,,edengrand,Others,EDEN GRAND,0.87,1-Jan-18,Under Examination,,Section-2(iii)
22359,Haryana,FP/HR/Others/30950/2017,62802,,Sagar Chemicals,Others,SAGAR CHEMICALS,0.15,22-Dec-17,Under Examination,,Section-2(iii)
21657,Haryana,FP/HR/Others/30264/2017,60549,,Augmentation of Water Supply Status 80 No. villages and Ferojpur Jhirka Town,Others,PUBLIC HEALTH ENGINEERING DEPARTMENT,0.2685,22-Nov-17,Under Examination,,Section-2(iii)
21665,Haryana,FP/HR/Others/30272/2017,61098,,Shaktiolevin Compounds LLP,Others,SHAKTI OLEVIN COMPOUNDS LLP,1.28,15-Nov-17,Under Examination,,Section-2(iii)
21229,Haryana,FP/HR/Others/29835/2017,59813,,Carus Laboratories Private Limited,Others,CARUS LABORATORIES PVT LTD,1.07,20-Oct-17,Under Examination,,Section-2(iii)
21228,Haryana,FP/HR/Others/29834/2017,59815,,Bajrang Industries,Others,BAJRANG INDUSTRIES,0.23,20-Oct-17,Under Examination,,Section-2(iii)
19953,Haryana,FP/HR/Others/28582/2017,40442,,Remodeling adn lining of MAin Drain No. 2,Others,Irrigation Department,9.343,4-Oct-17,Under Examination,,Section-2(iii)
20810,Haryana,FP/HR/Others/29536/2017,58978,,Acer Builder & Contractors Private Limited,Others,ACER BUILDERS & CONTRACTORS PRIVATE LIMITED,1.46,29-Sep-17,Under Examination,,Section-2(iii)
20754,Haryana,FP/HR/Others/29483/2017,58845,,Capt. Atul Somra HP Gas Agency,Others,CAPT. ATUL SOMRA HP GAS AGENCY,0.0015,26-Sep-17,Under Examination,,Section-2(iii)
20600,Haryana,FP/HR/Others/29321/2017,11220,,RELIANCE 4G PROJECT IN JHAJJAR DIST,Others,RELIANCE JIO INFOCOMM LIMITED,0.936,18-Sep-17,Under Examination,,Section-2(iii)
20514,Haryana,FP/HR/Others/29229/2017,44979,,"Prov. Ind. Canal Based W/W for Village Bhattu Kalan ""Const of RCC pipe, Inlet Channel o open channel,",Others,PHED EXECUTIVE ENGINEER,0.137,14-Sep-17,Under Examination,,Section-2(iii)
20463,Haryana,FP/HR/Others/29174/2017,56751,,XEN TS HVPN Yamuna Nagar,Others,XEN TS HVPN YAMUNA NAGAR,0.2065,12-Sep-17,Under Examination,,Section-2(iii)
20393,Haryana,FP/HR/Others/29097/2017,56692,,Dheeraj Farms,Others,DHEERAJ FARMS,0.13,6-Sep-17,Under Examination,,Section-2(iii)
20298,Haryana,FP/HR/Others/28975/2017,56431,,Ramesh Saw Mill,Others,RAMESH SAW MILL,0.02,31-Aug-17,Draft,,Section-2(iii)
20209,Haryana,FP/HR/Others/28879/2017,56172,,GIRIRAJ AGROTECH,Others,GIRIRAJ AGROTECH,2,24-Aug-17,Draft,,Section-2(iii)
20154,Haryana,FP/HR/Others/28821/2017,56034,,Nitin Agro Foods,Others,NITIN AGRO FOODS,1.42,21-Aug-17,Draft,,Section-2(iii)
18547,Haryana,FP/HR/Others/26881/2017,53562,,Patrol Pump,Others,ARCHBALAJI,0.0253,29-Jun-17,Draft,,Section-2(iii)
18538,Haryana,FP/HR/Others/26872/2017,53280,,PALIA RICE MILLS,Others,M/S PALIA RICE MILL,0.0003,28-Jun-17,Draft,,Section-2(iii)
18437,Haryana,FP/HR/Others/26769/2017,53147,,DR Bridge at RD 500 on Pundri Drain No. 2 Kalayat,Others,SUB DIVISIONAL OFFICER KALAYAT WS SUB DIVISION KALAYAT,0.01,21-Jun-17,Draft,,Section-2(iii)
17666,Haryana,FP/HR/Others/25971/2017,45840,,Providing Illumination on Meerut Road,Others,MUNICIPAL CORPORATION KARNAL,0.0228,3-May-17,Draft,,Section-2(iii)
17270,Haryana,FP/HR/Others/25559/2017,50115,,"Access from Road to Rural Health Trainig Centre,Situated at Adiyana Village, Run by Shanti Devi Charitable trust/N.C. Medical College & Hospital, Israna",Others,NC MEDICAL COLLEGE AND HOSPITAL,0.0143,6-Apr-17,Draft,,Section-2(iii)
17141,Haryana,FP/HR/Others/25371/2017,49805,,Service Station/Showroom at Sirsa-Bhadra Road Km stone 3.10 at village Begu Teh. Distt. Sirsa,Others,SERVICE STATION AND SHOWROOM,0.0098,3-Apr-17,Draft,,Section-2(iii)
16864,Haryana,FP/HR/Others/24949/2017,2675,,Laying of OFC from Pehowa Main Exchange to Adhoya,Others,BHARAT SANCHAR NIGAM LIMITED,1.629,11-Mar-17,Draft,,Section-2(iii)
16792,Haryana,FP/HR/Others/24823/2017,48802,,Kunj Fertilizers Private Limited,Others,KUNJ FERTILIZERS PRIVATE LIMITED,0,6-Mar-17,Draft,,Section-2(iii)
16175,Haryana,FP/HR/Others/23723/2017,46350,,"NOC for development of proposed Hindustan Petroleum Corporation Ltd. Retail Outlet abutting on the Sonipat-Mehlana-Farmana Road (ODR Road) in plot with Rect. & Kila No. 34//24/1/3 at Chainage 3.125 (LHS), centre of plot at Village Mehlana, Tehsil & District Sonipat",Others,HPCL GURGAON,0.0105,22-Jan-17,Draft,,Section-2(iii)
16167,Haryana,FP/HR/Others/23715/2017,46324,,MAA BHAWANI INDANE,Others,MAA BHAWANI INDANE,0.003896,21-Jan-17,Draft,,Section-2(iii)
16101,Haryana,FP/HR/Others/23645/2017,45779,,BADHWAR BHARAT GAS,Others,BADHWAR BHARAT GAS,0.001113739,16-Jan-17,Draft,,Section-2(iii)
15519,Haryana,FP/HR/Others/23048/2016,44318,,Raghav Paper Udyog,Others,RAGHAV PAPER UDYOG,0.00364,14-Dec-16,Under Examination,,Section-2(iii)
15500,Haryana,FP/HR/Others/23028/2016,44288,,IOCL RETAIL OUTLET,Others,Indian Oil Corporation Limited (IOCL),0.0119,13-Dec-16,Draft,,Section-2(iii)
15473,Haryana,FP/HR/Others/22999/2016,6131,,sirsa to chaharwala,Others,RELIANCE JIO INFOCOMM LIMITED,2.2,11-Dec-16,Draft,,Section-2(iii)
15472,Haryana,FP/HR/Others/22998/2016,6131,,siwani to naloi,Others,RELIANCE JIO INFOCOMM LIMITED,0.43,11-Dec-16,Draft,,Section-2(iii)
15471,Haryana,FP/HR/Others/22997/2016,6131,,mingni khera to gavad,Others,RELIANCE JIO INFOCOMM LIMITED,0.58,11-Dec-16,Draft,,Section-2(iii)
15447,Haryana,FP/HR/Others/22973/2016,6131,,Laying of OFC Cable for Reliance Jio Infocomm Ltd.,Others,RELIANCE JIO INFOCOMM LIMITED,0.293,10-Dec-16,Draft,,Section-2(iii)
15454,Haryana,FP/HR/Others/22980/2016,6131,,Laying of OFC Cable for Reliance Jio Infocomm Ltd.,Others,RELIANCE JIO INFOCOMM LIMITED,2.678,10-Dec-16,Draft,,Section-2(iii)
15333,Haryana,FP/HR/Others/22856/2016,6131,,karnal NLD,Others,RELIANCE JIO INFOCOMM LIMITED,0.49,3-Dec-16,Draft,,Section-2(iii)
15332,Haryana,FP/HR/Others/22855/2016,6131,,Fatehabad to Chaharwala,Others,RELIANCE JIO INFOCOMM LIMITED,1.4,3-Dec-16,Draft,,Section-2(iii)
15260,Haryana,FP/HR/Others/22779/2016,42997,,For Laying of OFC Cable for Reliance Jio Infocomm Ltd.,Others,SKGARG,0.293,29-Nov-16,Draft,,Section-2(iii)
14982,Haryana,FP/HR/Others/22434/2016,42997,,For Laying of OFC Cable for Reliance Jio Infocomm Ltd.,Others,SKGARG,2.678,19-Nov-16,Draft,,Section-2(iii)
31496,Himachal Pradesh,FP/HP/Others/38029/2019,38481,,Bloot Fozal Hydro Pvt. Ltd.,Others,MS SOIEL DASHAL HYDRO POWER PVT LTD,4.864,3-Jan-19,Under Examination,,Section-2(iii)
23988,Himachal Pradesh,FP/HP/Others/32606/2018,67121,,Micro Hydel Project Baagi,Others,NARWALKA,0.24,19-Mar-18,Draft,,Section-2(iii)
22915,Himachal Pradesh,FP/HP/Others/31525/2018,63596,,Manali Ropeways Pvt. Ltd.,Others,MANALIROPEWAYS,8.9899,25-Jan-18,Draft,,Section-2(iii)
22651,Himachal Pradesh,FP/HP/Others/31241/2018,63596,,Manali Ropeways Pvt. Ltd.,Others,MANALIROPEWAYS,89899,8-Jan-18,Draft,,Section-2(iii)
21744,Himachal Pradesh,FP/HP/MIN/30339/2017,59380,,River Bed Mining in Siul River,Mining,MINING OFFICER DISTRICT CHAMBA,13.2521,19-Nov-17,Draft,,Section-2(iii)
18136,Himachal Pradesh,FP/HP/Others/26458/2017,40239,,"Construction of Sabji Mandi at Tikkan (by Agriculture Department) Tikkan is the amongest one of the most interior place in the Mandi District HP. This Sabji Mandi Tikkan will fruitful for the people of Tikkan, Barot, Bardhan, Lapas, Ghamchayan, Sudhar, Tarsen, and many panchayats of Drung constituency.",Others,AGRICULTURAL PRODUCE MARKET COMMITTEE MANDI,0.81,31-May-17,Draft,,Section-2(iii)
15761,Himachal Pradesh,FP/HP/Others/23298/2016,40239,,"Construction of Sabji Mandi at Tikkan (by Agriculture Department) Tikkan is the amongest one of the most interior place in the Mandi District HP. This Sabji Mandi Tikkan will fruitful for the people of Tikkan, Barot, Bardhan, Lapas, Ghamchayan, Sudhar, Tarsen, and many panchayats of Drung constituency.",Others,AGRICULTURAL PRODUCE MARKET COMMITTEE MANDI,0.81,27-Dec-16,Draft,,Section-2(iii)
15621,Himachal Pradesh,FP/HP/MIN/23154/2016,44392,,Lafarge India 3 M iT Cement Plant with Limestone M ine (FP/HP/M IN/880/2010 ),Mining,LAFARGE INDIA LTD,362.87,19-Dec-16,Pending at HO,24-Dec-18,Section-2(iii)
32659,Jharkhand,FP/JH/Others/39210/2019,86001,,OFC LAYING,Others,BHARTI AIRTEL CIRCLE OFFICE,13.61,1-Mar-19,Under Examination,,Section-2(iii)
27874,Jharkhand,FP/JH/Others/34410/2018,66090,,Widening & Strengthening MahuaDanr (SH-09) to Lodh Fall Road (17.410 km),Others,EE RCD LATEHAR,0.9928,6-Oct-18,Under Examination,,Section-2(iii)
28536,Jharkhand,FP/JH/Others/35071/2018,75483,,Helipad construction,Others,SP LATEHAR,1.78,31-Jul-18,Under Examination,,Section-2(iii)
21863,Jharkhand,FP/JH/Others/30457/2017,61321,,abcd,Others,ELECTRICITY DEPARTMENT,1,25-Nov-17,Draft,,Section-2(iii)
20343,Jharkhand,FP/JH/Others/29038/2017,52958,,Laiyo to Gaichhandwa,Others,EE RDD RWA WORKS DIVISIION,1.854,3-Sep-17,Draft,,Section-2(iii)
20342,Jharkhand,FP/JH/Others/29037/2017,52958,,Churchu Simana to Tutaki,Others,EE RDD RWA WORKS DIVISIION,1.704,3-Sep-17,Draft,,Section-2(iii)
20339,Jharkhand,FP/JH/Others/29033/2017,52958,,Oriyatu to Ormanjhi Ranchi Simana,Others,EE RDD RWA WORKS DIVISIION,1.18,2-Sep-17,Draft,,Section-2(iii)
20333,Jharkhand,FP/JH/Others/29026/2017,52958,,TAPIN TO RAUTA-2,Others,EE RDD RWA WORKS DIVISIION,1.956,2-Sep-17,Draft,,Section-2(iii)
20283,Jharkhand,FP/JH/MIN/28958/2017,49404,,BARAIBURU TATIBA IRON & MANGANESE MINES,Mining,THE RAMESHWARA JUTE MILLS LIMITED,162.657,30-Aug-17,Draft,,Section-2(iii)
16428,Jharkhand,FP/JH/MIN/24038/2017,13601,,WEST BOKARO COLLIERY,Mining,Tata Steel West Bokaro Division,1427.94,7-Feb-17,Under Examination,,Section-2(iii)
15393,Jharkhand,FP/JH/MIN/22916/2016,43143,8-74/2016-FC,Jereldaburu Iron Ore Mining Lease Project of M/s. Jindal Steel & Power Limited in West Singhbhum District of Jharkhand. (537 Ha. Mining Lease Area including Safety Zone Area of 26.57 Ha. + 2.13 Ha. outside Lease for Conveyor Corridor).,Mining,Jindal Steel & Power Ltd.,537,6-Dec-16,Rejected,21-Dec-16,Section-2(iii)
15391,Jharkhand,FP/JH/MIN/22914/2016,5816,8-75/2016-FC,DIVERSION OF 350.50 HECTARE OF FOREST LAND IN RESPECT OF KODALIBAD IRON & MANGANESE MINES OF M/S. RUNGTA MINES LIMITED.,Mining,RUNGTA MINES LTD,350.5,6-Dec-16,Rejected,21-Dec-16,Section-2(iii)
15376,Jharkhand,FP/JH/MIN/22899/2016,43253,8-76/2016-FC,Meghahataburu Iron & Manganese Ore Mines of ArcelorMittal India Private Limited,Mining,ARCELORMITTAL INDIA PRIVATE LIMITED,202.35,6-Dec-16,PENDING WITH-SG,21-Dec-16,Section-2(iii)
15340,Jharkhand,FP/JH/MIN/22863/2016,43887,,Seta Ruiya Iron and Manganese Deposit,Mining,HORIZON LOHA UDYOG LIMITED,115,4-Dec-16,Under Examination,,Section-2(iii)
15338,Jharkhand,FP/JH/MIN/22861/2016,43887,8-05/2017-FC,Seta Ruiya Iron and Manganese Deposit,Mining,HORIZON LOHA UDYOG LIMITED,215,4-Dec-16,Pending at HO,4-Jan-17,Section-2(iii)
15201,Jharkhand,FP/JH/MIN/22601/2016,43253,,Meghahataburu Iron & Manganese Ore Mines of ArcelorMittal India Private Limited,Mining,ARCELORMITTAL INDIA PRIVATE LIMITED,202.35,26-Nov-16,Pending at Nodal Officer,,Section-2(iii)
15072,Jharkhand,FP/JH/MIN/22525/2016,43150,8-77/2016-FC,DIRSUMBURU IRON ORE MINE IN KODOLIOBAD RESERVE FOREST OF SARANDA FOREST DIVISION BY ELECTROSTEEL CASTINGS LIMITED (ECL) (192.50 ha of forest land within Mining Lease including safety zone. Stage-I clearance available on part of forest area of Mining Lease i.e. 55.79 ha comprising 50.98 ha forest within Mining Lease and 4.81 ha outside ML),Mining,ELECTROSTEEL CASTINGS LTD,192.5,23-Nov-16,Rejected,21-Dec-16,Section-2(iii)
15061,Jharkhand,FP/JH/MIN/22514/2016,43218,8-78/2016-FC,DIVERSION OF 998.70 HA OF FOREST LAND IN ANKUA RESEARVE FOREST OF SARANDA FOREST DIVISION FOR MINING OF IRON ORE AND MANGANESE ORE IN FAVOUR OF JSW STEEL LIMITED.,Mining,JSW STEEL LTD,999.9,23-Nov-16,PENDING WITH-SG,21-Dec-16,Section-2(iii)
15028,Jharkhand,FP/JH/MIN/22480/2016,43150,,DIRSUMBURU IRON ORE MINE IN KODOLIOBAD RESERVE FOREST OF SARANDA FOREST DIVISION BY ELECTROSTEEL CASTINGS LIMITED (ECL),Mining,ELECTROSTEEL CASTINGS LTD,192.5,21-Nov-16,Under Examination,,Section-2(iii)
15009,Jharkhand,FP/JH/MIN/22461/2016,43153,8-79/2016-FC,Chatuburu Iron and Manganese Ore Mining Project of M/s Bhushan Power & Steel Ltd,Mining,Bhushan Power and Steel Limited,422.75,21-Nov-16,Rejected,21-Dec-16,Section-2(iii)
14960,Jharkhand,FP/JH/MIN/22412/2016,43143,,Diversion of 539.13 Ha. (537 Ha. of Mining Lease Area including Safety Zone Area of 26.57 Ha. + 2.13 Ha. of Conveyor Corrider outside Mining Lease Area) of Forest Land for Jereldaburu Iron Ore Mining Lease Project in favour of M/s. Jindal Steel & Power Limited in Saranda Forest Division in West Singhbhum District of Jharkhand.,Mining,Jindal Steel & Power Ltd.,539.13,19-Nov-16,Pending at Nodal Officer,,Section-2(iii)
14949,Jharkhand,FP/JH/MIN/22401/2016,5816,,DIVERSION OF 350.74 (350.50 HA LEASE AREA + 0.24 HA APPROACHING ROAD) HECTARE OF FOREST LAND IN RESPECT OF KODALIBAD IRON & MANGANESE MINES OF M/S. RUNGTA MINES LIMITED.,Mining,RUNGTA MINES LTD,350.74,18-Nov-16,Pending at Nodal Officer,,Section-2(iii)
14948,Jharkhand,FP/JH/MIN/22400/2016,5597,8-80/2016-FC,DIVERSION OF138.81 HECTARE OF FOREST LAND IN RESPECT OF BOKNA IRON & MANGANESE MINES OF M/S RUNGTA SONS PRIVATE LIMITED,Mining,RUNGTA SONS PRIVATE LIMITED,138.81,18-Nov-16,Rejected,21-Dec-16,Section-2(iii)
34205,Karnataka,FP/KA/Others/40763/2019,82017,,"66/11kV station, Deer Park",Others,BESCOM,0.4,20-Jun-19,Draft,,Section-2(iii)
33875,Karnataka,FP/KA/Others/40432/2019,91059,,PROVIDING WATER SUPPLY SCHEME TO BELENAHALLI AND OTHER 20 VILLAGE IN TARIKERE TALUK IN CHIKKAMGALURU DISTRICT (PHASE-1),Others,RURAL DRINKING WATER AND SANITATION DIVISION CHIKKAMAGALUR,0.2,28-May-19,Draft,,Section-2(iii)
27823,Karnataka,FP/KA/Others/34357/2018,59760,,Hubli Journalists Cooperative Society,Others,"HUBLI JOURNALISTS COOP. HOUSING SOCIETY, HUBLI",1.62,24-Jun-18,Under Examination,,Section-2(iii)
27019,Karnataka,FP/KA/Others/33592/2018,43994,,Gokarna Water supply scheme,Others,RURAL DRINKING WATER AND SANITATION DEPARTMENT,0.988,11-May-18,Draft,,Section-2(iii)
21975,Karnataka,FP/KA/Others/30554/2017,61884,,Providing Water supply scheme to Hassan city,Others,KARNATAKA URBAN WATER SUPPLY AND DRAINAGE BOARD,0.96,1-Dec-17,Draft,,Section-2(iii)
21811,Karnataka,FP/KA/Others/30403/2017,61208,,Arranging Power supply Ganga Kalyana Irrigation Pump set at Siriyur Thanda,Others,MESCOM BHADRAVATHI,0.01,22-Nov-17,Draft,,Section-2(iii)
21762,Karnataka,FP/KA/Others/30354/2017,11455,,Improvements to Karanji Cross Pachaje - kolanji kodi and Vogga - Allipade Road from 0.00 to 5.00 km at Bantwal Taluk (One time improvement),Others,PUBLIC WORK DEPARTMENT,0.09,20-Nov-17,Draft,,Section-2(iii)
21717,Karnataka,FP/KA/Others/30319/2017,61208,,Providing 11KV Link line from Belligere to Nettakallati village for a 2 Kms Distance.,Others,MESCOM BHADRAVATHI,0.01,17-Nov-17,Draft,,Section-2(iii)
21590,Karnataka,FP/KA/Others/30195/2017,58613,,Improvements to Sri Rangapattana - MM Hills road from Ch: 159.00 to 161.00 Km in Kollegal taluk.,Others,AEE KPWD MM HILLS SUB DIVISION,0.65,10-Nov-17,Draft,,Section-2(iii)
21589,Karnataka,FP/KA/Others/30194/2017,58613,,Improvements to Ramapura - Vadaehalla road from Ch: 8.00 to 16.00 Km in Kollegal taluk of chamarajanagar district.,Others,AEE KPWD MM HILLS SUB DIVISION,0,10-Nov-17,Draft,,Section-2(iii)
21587,Karnataka,FP/KA/Others/30192/2017,58613,,Improvements to Ramapura - Vadaehalla road from Ch: 0.00 to 8.00 Km in Kollegal taluk of chamarajanagar district.,Others,AEE KPWD MM HILLS SUB DIVISION,0,10-Nov-17,Draft,,Section-2(iii)
21313,Karnataka,FP/KA/Others/29914/2017,58613,,CONSTRUCTION OF BRIDGE AT NALROAD VILLAGE RAMAPURA HOBLI KOLLEGAL TALUK CHAMARAJANAGAR DISTRICT,Others,AEE KPWD MM HILLS SUB DIVISION,0.168,10-Nov-17,Draft,,Section-2(iii)
21133,Karnataka,FP/KA/Others/29772/2017,59679,,Providing Multi Village Water Supply Scheme To YADEHALLI And Other 08 Villages In Bhadravathi Taluk,Others,RURAL WATER SUPPLY AND SANITATION,0.64,16-Oct-17,Draft,,Section-2(iii)
20066,Karnataka,FP/KA/Others/28718/2017,55566,,Upper Krishna Project Stage II in Bagalkot District Karnataka,Others,KRISHNA BHAGYA JALA NIGAM LIMITED,58.84,17-Aug-17,Draft,,Section-2(iii)
18885,Karnataka,FP/KA/Others/27308/2017,54735,,Sonyalagiri math pangaraga,Others,SONYALAGIRI MATH PANGARAGA TQ CHINCHOLI,3.3,23-Jul-17,Draft,,Section-2(iii)
18514,Karnataka,FP/KA/Others/26848/2017,51345,,BDA 6th Stage Layout,Others,BANGALORE DEVELOPMENT AUTHORITY BDA,0.51,27-Jun-17,Draft,,Section-2(iii)
16744,Karnataka,FP/KA/Others/24763/2017,42882,,MULTI VILLAGE WATER SUPPLY SCHEME TO KUNDARAGI AND OTHER 21 VILLAGES IN GOKAK TALUKA,Others,RURAL DRINKING WATER AND SANITATION DEPARTMENT,0,8-Mar-17,Draft,,Section-2(iii)
15986,Karnataka,FP/KA/MIN/23526/2017,45369,,"Recommended Area of M/s Kumar Enterprises over an extent of 165 Acre (66.77 Ha) in Ramghad Village, Sandur Taluk, Bellary District",Mining,KUMAR ENTERPRISES,65.33,9-Jan-17,Draft,,Section-2(iii)
15931,Karnataka,FP/KA/MIN/23470/2017,45414,,RMJumanal 465AML,Mining,RM JUMANAL,31.56,5-Jan-17,Draft,,Section-2(iii)
15926,Karnataka,FP/KA/MIN/23465/2017,45369,,"Notified/recomended area of M/s Kumar Enterprises for Iron Ore Mining in Ramghad Village, R.M. Block, Sandur Taluk, Bellary District",Mining,KUMAR ENTERPRISES,8.025,5-Jan-17,Draft,,Section-2(iii)
15863,Karnataka,FP/KA/MIN/23402/2017,44915,,Nabi Vyasanakeri Iron Ore Mine,Mining,FATHIMA BEE,133.5,1-Jan-17,Draft,,Section-2(iii)
15859,Karnataka,FP/KA/MIN/23398/2016,45144,,kamatgi kotagi mines,Mining,NAGARAJ GURUBASAPPA KOTAGI,66.77,31-Dec-16,Draft,,Section-2(iii)
15854,Karnataka,FP/KA/MIN/23392/2016,45095,,skgoverdhan ramagad iron ore mines,Mining,GOVERDHAN SK,10.02,31-Dec-16,Draft,,Section-2(iii)
15852,Karnataka,FP/KA/MIN/23390/2016,44106,,AVS,Mining,AVS,285.3,31-Dec-16,Draft,,Section-2(iii)
15833,Karnataka,FP/KA/MIN/23371/2016,43878,,SrI H R DODDANAVAR,Mining,VIJAY_DHRUV,55.85,30-Dec-16,Draft,,Section-2(iii)
15830,Karnataka,FP/KA/MIN/23368/2016,44822,,"Diversion of 116.0 Ha of Forest Land for Managanese and Iron Ore in Kammadhervau Village, Sandur Taluk, Bellary",Mining,VIR SPONGE & POWER LTD,116,29-Dec-16,Draft,,Section-2(iii)
15829,Karnataka,FP/KA/MIN/23367/2016,44822,,"Diversion of 88.87 Ha of Forest Land for Iron and Manganese Ore in Kumaraswamy Range, Sandur Taluk, Bellary",Mining,VIR SPONGE & POWER LTD,88.87,29-Dec-16,Draft,,Section-2(iii)
15811,Karnataka,FP/KA/MIN/23349/2016,43282,,Iron Ore Mining,Mining,BL RANI SAMYUKTHA,19.842,29-Dec-16,Draft,,Section-2(iii)
15810,Karnataka,FP/KA/MIN/23348/2016,43177,,Iron Ore Mining,Mining,J.M. VRUSHABHENDRAIAH,3.314,29-Dec-16,Draft,,Section-2(iii)
15799,Karnataka,FP/KA/MIN/23337/2016,44897,,Taha Mining Company,Mining,TAHA MINING COMPANY,200.32,28-Dec-16,Draft,,Section-2(iii)
15796,Karnataka,FP/KA/MIN/23334/2016,44915,,NABI IRON ORE MINE,Mining,FATHIMA BEE,89,28-Dec-16,Draft,,Section-2(iii)
15794,Karnataka,FP/KA/MIN/23332/2016,44923,,KARIGANUR IRON AND STEEL PRIVATE LIMITED,Mining,KARIGANUR IRON AND STEEL PRIVATE LIMITED,149.57,28-Dec-16,Draft,,Section-2(iii)
15765,Karnataka,FP/KA/MIN/23302/2016,44847,,New Proposal 163 AML,Mining,BHARATH KUMAR P BORA,35,27-Dec-16,Draft,,Section-2(iii)
15719,Karnataka,FP/KA/MIN/23255/2016,44647,,BKumaragouda&sons,Mining,BAVIHALLI RUDRAGOUDA,141.64,24-Dec-16,Draft,,Section-2(iii)
15627,Karnataka,FP/KA/MIN/23160/2016,44399,,Iron Ore Mining,Mining,HIMALAYA MINES,44.51,20-Dec-16,Draft,,Section-2(iii)
15626,Karnataka,FP/KA/MIN/23159/2016,44398,,Iron Ore Mining,Mining,SREEDHAR K,28.33,19-Dec-16,Draft,,Section-2(iii)
15614,Karnataka,FP/KA/MIN/23147/2016,44327,,M/s Habeebullah,Mining,HABEEBULLAH,68,19-Dec-16,Draft,,Section-2(iii)
15605,Karnataka,FP/KA/MIN/23137/2016,42887,,Muraripura Iron Ore Mine,Mining,BSAL,95,19-Dec-16,Draft,,Section-2(iii)
15592,Karnataka,FP/KA/MIN/23124/2016,5878,,Mining of Doddanavar Brothers,Mining,MS DODDANAVAR BROTHERS,111.28,17-Dec-16,Draft,,Section-2(iii)
15581,Karnataka,FP/KA/MIN/23113/2016,44370,,Karthikeswara Manganese Mine,Mining,PRAVEEN KUMAR G NIKKAM,24.28,17-Dec-16,Draft,,Section-2(iii)
15568,Karnataka,FP/KA/MIN/23100/2016,44362,,M/s. Indus Mines and Minerals,Mining,INDUSMINERAL@REDIFFMAIL.COM,92.27,16-Dec-16,Draft,,Section-2(iii)
15567,Karnataka,FP/KA/MIN/23099/2016,44362,,M/s. Indus Mines and Minerals,Mining,INDUSMINERAL@REDIFFMAIL.COM,92.27,16-Dec-16,Draft,,Section-2(iii)
15524,Karnataka,FP/KA/MIN/23054/2016,13632,,Kenchanahalli Iron Ore Mine,Mining,ALLUM PRASHANT,19.5,15-Dec-16,Draft,,Section-2(iii)
15521,Karnataka,FP/KA/MIN/23050/2016,44299,,MSPL-SLNO-4 KUMARASWAMY RANGE,Mining,MSPL LIMITED,218.2,14-Dec-16,Draft,,Section-2(iii)
15510,Karnataka,FP/KA/MIN/23038/2016,44297,,Iron Ore Mining,Mining,SRIPAD PUJAR,112.29,14-Dec-16,Draft,,Section-2(iii)
15504,Karnataka,FP/KA/MIN/23032/2016,44299,,MSPL-SLNO-1 KUMARASWAMY RANGE,Mining,MSPL LIMITED,201.16,13-Dec-16,Draft,,Section-2(iii)
15478,Karnataka,FP/KA/MIN/23004/2016,43851,,Lohadri Mining and Minerals,Mining,LOHADRI MINING AND MINERALS,12.14,12-Dec-16,Draft,,Section-2(iii)
15404,Karnataka,FP/KA/MIN/22927/2016,884,,Yerranahalli Manganese Ore Mine,Mining,GADIGI MINERAL MINING COMPANY,52.57,7-Dec-16,Draft,,Section-2(iii)
15388,Karnataka,FP/KA/MIN/22911/2016,43949,,"Sangli Gold Mine, Jelligeri village, Shirahatti Taluk, Gadag District",Mining,RMML,39.7,6-Dec-16,Draft,,Section-2(iii)
15346,Karnataka,FP/KA/Others/22869/2016,43878,,Yavapadi - B U Poovnna,Others,VIJAY_DHRUV,0.84,6-Dec-16,Draft,,Section-2(iii)
15355,Karnataka,FP/KA/MIN/22878/2016,12116,,RAMGHAD IRON ORE MINE,Mining,D RAMESH,6.35,5-Dec-16,Draft,,Section-2(iii)
15341,Karnataka,FP/KA/MIN/22864/2016,43878,,M/s Umiya Holdings,Mining,VIJAY_DHRUV,4.65,4-Dec-16,Draft,,Section-2(iii)
15334,Karnataka,FP/KA/MIN/22857/2016,43749,,Upendra and Co Mining Yarekatte,Mining,UPENDRA AND CO,39.33,3-Dec-16,PENDING WITH-SG,9-Jan-17,Section-2(iii)
15328,Karnataka,FP/KA/MIN/22851/2016,43502,,VITTALAPURAM IRON ORE MINE,Mining,T NARAYAN REDDY,6.04,3-Dec-16,Draft,,Section-2(iii)
15321,Karnataka,FP/KA/MIN/22844/2016,43299,,PMMines NEB Range,Mining,P M MINES AND MINERALS PRIVATE LIMITED,84.98,3-Dec-16,Draft,,Section-2(iii)
15316,Karnataka,FP/KA/MIN/22839/2016,43739,8-03/2017-FC,M Babanna Mines,Mining,M BABANNA,155.2,2-Dec-16,Pending at HO,3-Jan-17,Section-2(iii)
15308,Karnataka,FP/KA/MIN/22831/2016,43803,,"Diversion of 15.00 ha. of forest land for mining lease in swamymalai Reserve Forest, Sandur Taluk, Ballary DIstrict in favour of Sri N Satyanarayana, Ballary.",Mining,N SATHYANARAYANA,15,2-Dec-16,Draft,,Section-2(iii)
15288,Karnataka,FP/KA/MIN/22807/2016,7922,,Devagolla Iron Ore Mines,Mining,B RUDRAGOUDA,80.26,1-Dec-16,Draft,,Section-2(iii)
15264,Karnataka,FP/KA/MIN/22783/2016,12116,,RAMGHAD IRON ORE MINE,Mining,D RAMESH,6.35,30-Nov-16,Draft,,Section-2(iii)
15198,Karnataka,FP/KA/MIN/22598/2016,42537,,IRON ORE AND MANGANESE ORE MINING,Mining,DHRUVDESH METASTEEL PVT LTD,78.72,26-Nov-16,Draft,,Section-2(iii)
15192,Karnataka,FP/KA/MIN/22592/2016,38149,,Iron Ore Mining,Mining,TATA MINES AND MINERALS,22.26,26-Nov-16,Draft,,Section-2(iii)
15191,Karnataka,FP/KA/MIN/22591/2016,38149,,Iron Ore Mining,Mining,TATA MINES AND MINERALS,5.02,26-Nov-16,Draft,,Section-2(iii)
15190,Karnataka,FP/KA/MIN/22590/2016,38111,,Iron Ore Mining,Mining,G MALLIKARJUNA BABU,17.4,26-Nov-16,Draft,,Section-2(iii)
15181,Karnataka,FP/KA/MIN/22581/2016,43322,,Asha Mining Company,Mining,ASHA MINING COMPANY,10.05,25-Nov-16,Draft,,Section-2(iii)
15068,Karnataka,FP/KA/MIN/22521/2016,42434,8-09/2017-FC,"Prema Channappa, Iron Ore and Manganese Mines, C N Halli Tq, Tumkur Dist.",Mining,PREMA CHANNAPPA,60,23-Nov-16,Rejected,3-Jan-17,Section-2(iii)
15066,Karnataka,FP/KA/MIN/22519/2016,43063,,Thimmappanagudi Iron Ore Mining,Mining,MINERAL SYNDICATE,12.77,23-Nov-16,Draft,,Section-2(iii)
15058,Karnataka,FP/KA/MIN/22510/2016,43177,,Iron Ore Mining & RED OXIDE,Mining,J.M. VRUSHABHENDRAIAH,3.565,22-Nov-16,Draft,,Section-2(iii)
15049,Karnataka,FP/KA/MIN/22501/2016,2185,,"Proposal seeking General Approval under section 2 (iii) of Forest (Conservation ) Act 1980 for an area of 127 Hectares of forest land for Mining in swamimalai and ramanamalai block, Sandur taluk, Ballari district towards the mining lease no. 2679 (old 2581, 1952) for The Sandur Manganese & Iron Ores Limited.,",Mining,THE SANDUR MANGANESE AND IRON ORES LIMITED,127,22-Nov-16,Draft,,Section-2(iii)
15044,Karnataka,FP/KA/MIN/22496/2016,2185,,"Proposal seeking General Approval under section 2 (iii) of Forest (Conservation ) Act 1980 for an area of 250 Hectares of forest land for Mining in swamimalai and ramanamalai block, Sandur taluk, Ballari district towards the mining lease no. 2678 (old 2580, 1179) for The Sandur Manganese & Iron Ores Limited.,",Mining,THE SANDUR MANGANESE AND IRON ORES LIMITED,250,22-Nov-16,Draft,,Section-2(iii)
15034,Karnataka,FP/KA/MIN/22486/2016,43177,,Iron Ore Mining & RED OXIDE,Mining,J.M. VRUSHABHENDRAIAH,3.565,22-Nov-16,Draft,,Section-2(iii)
15026,Karnataka,FP/KA/MIN/22478/2016,43282,,Iron Ore Mining,Mining,BL RANI SAMYUKTHA,19.85,21-Nov-16,Draft,,Section-2(iii)
14995,Karnataka,FP/KA/MIN/22447/2016,35262,8-04/2017-FC,"Yarekatte Iron and Manganese Ore Mine (Area 116.50 Ha.) AML No.1063-2004,Block No.4",Mining,GOA MINERALS PVT LTD,116.55,21-Nov-16,Pending at HO,3-Jan-17,Section-2(iii)
15166,Karnataka,FP/KA/MIN/22562/2016,43322,,Asha Mining Company,Mining,ASHA MINING COMPANY,10.05,,Draft,,Section-2(iii)
15174,Karnataka,FP/KA/MIN/22570/2016,42337,8-16/2017-FC,"Block No. 2 Hombalaghatta & Hosahalli Iron Ore Mine, C N Halli Taluk, Tumkur Dist",Mining,KIOCL LIMITED,112,,Pending at HO,9-Jan-17,Section-2(iii)
36553,Kerala,FP/KL/Others/42120/2019,96200,,SABARIMALA ROPEWAY PROJECT,Others,TRAVANCORE DEVASWOM BOARD,3,19-Sep-19,Draft,,Section-2(iii)
34301,Kerala,FP/KL/Others/40859/2019,92387,,Electrification work Thalavachapara and kunjipara Tribal Settlement Colonies,Others,KERALA STATE ELECTRICITY BOARD LTD,1500,26-Jun-19,Under Examination,,Section-2(iii)
27975,Kerala,FP/KL/MIN/34511/2018,74995,,Ms Reena Metals,Mining,REENA METALS,0.1,3-Jul-18,Draft,,Section-2(iii)
25644,Kerala,FP/KL/Others/33227/2018,69382,,MANNUR PANCHAYATH APPAKKADU ROAD WORK,Others,MANNUR GRAMAPANCHAYAT,0.012498,20-Apr-18,Draft,,Section-2(iii)
23001,Kerala,FP/KL/Others/31610/2018,30393,,Bridge Across Thuppanad Steam for Meenvallom Hydro Electric Project,Others,CHAIRPERSON,0.0595,14-Feb-18,Under Examination,,Section-2(iii)
22676,Kerala,FP/KL/Others/31266/2018,60340,,Kollotte Irrigation Project,Others,IRRIGATION DEPARTMENT GOVERNMENT OF KERALA,0.5,9-Jan-18,Draft,,Section-2(iii)
21684,Kerala,FP/KL/Others/30289/2017,42365,,"Rural water supply scheme ,Peechi",Others,KERALA WATER AUTHORITY THRISSUR,3.9,16-Nov-17,Pending at Nodal Officer,,Section-2(iii)
21583,Kerala,FP/KL/Others/30188/2017,60340,,Kollott Irrigation Project,Others,IRRIGATION DEPARTMENT GOVERNMENT OF KERALA,0.5,10-Nov-17,Draft,,Section-2(iii)
21444,Kerala,FP/KL/Others/30046/2017,60340,,Kollot Irrigation Project,Others,IRRIGATION DEPARTMENT GOVERNMENT OF KERALA,0.5,3-Nov-17,Draft,,Section-2(iii)
21236,Kerala,FP/KL/Others/29840/2017,59831,,PMGSY,Others,PMGSY PALAKKAD,0.021,21-Oct-17,Draft,,Section-2(iii)
20888,Kerala,FP/KL/Others/29600/2017,59163,,Underwater Research and Development of Sonar System for Indian navy,Others,DEFENCE ESTATES OFFICE COCHIN,3.713,5-Oct-17,PENDING WITH-SG,,Section-2(iii)
18776,Kerala,FP/KL/Others/27156/2017,50438,,"IIOPR, Palode, Land for oil palm cultivation",Others,INDIAN INSTITUTE OF OIL PALM RESEARCH,19.83,15-Jul-17,Draft,,Section-2(iii)
18160,Kerala,FP/KL/Others/26483/2017,52180,,Upgradation of Pallivasal -Aluva 66kV feeder to 220 kV level,Others,KERALA STATE ELECTRICITY BOARD LTD,2,1-Jun-17,Pending at Nodal Officer,,Section-2(iii)
16902,Kerala,FP/KL/Others/25004/2017,47568,,"""PCK Plantation"" of The Plantation Corporation of Kerala (Govt. of Kerala Undertaking)",Others,THE PLANTATION CORPORATION OF KERALA LIMITED,7586.188,16-Mar-17,Pending at Nodal Officer,,Section-2(iii)
16674,Kerala,FP/KL/Others/24622/2017,27091,,"Jawaharlal Nehru Tropical Botanic Garden and Research Institute, Palode,",Others,JAWAHARLAL NEHRU TROPICAL BOTANIC GARDEN AND RESEARCH INDTITUTE,121.34,7-Mar-17,Under Examination,,Section-2(iii)
15354,Kerala,FP/KL/MIN/22877/2016,43909,,"Alampara Iron Ore Mine, Ore Beneficiation Plant, Kozhikode District",Mining,MSPL LIMITED,406.45,5-Dec-16,Draft,,Section-2(iii)
15292,Kerala,FP/KL/Others/22812/2016,43332,,"Total Electrification at Variathukadu, ES Pattikad",Others,EXECUTIVE ENGINEER ELECTRICAL DIVISION THRISSUR EAST,0.0111,1-Dec-16,Under Examination,,Section-2(iii)
15215,Kerala,FP/KL/Others/22615/2016,43002,,"Providing service connection to Residents at Beatrice Estate, Nelliyampathy under Total Eelctrification (Phae -3 ) Scheme.",Others,ASSISTANT ENGINEER ES NELLIYAMPATHY,0.04,28-Nov-16,Under Examination,,Section-2(iii)
35894,Madhya Pradesh,FP/MP/Others/41458/2019,78909,,"CONSTRUCTION OF CM SAROVAR, BHUDKUMDHANA, MUJAWARMAL BLOCK MOHKHED DISTRICT- CHHINDWARA",Others,RURAL ENGINEERING SERVICES (RES) CHHINDWARA DIV NO ONE,5,3-Aug-19,Under Examination,,Section-2(iii)
33931,Madhya Pradesh,FP/MP/Others/40488/2019,78729,,New Industrial Development,Others,DISTRICT TRADE AND INDUSTRIES CENTER BETUL,43.658,1-Jun-19,Under Examination,,Section-2(iii)
33481,Madhya Pradesh,FP/MP/Others/40036/2019,89841,,CHAINPURA GWALANPATI ROAD/BRIDGE CONSTRUCION,Others,GM PMRRDA PIU KHARGONE-2 (MAHESHWAR),0.39,29-Apr-19,Under Examination,,Section-2(iii)
33348,Madhya Pradesh,FP/MP/Others/39902/2019,87995,,Shamgarh Suwasra Micro Irrigation Project,Others,WATER RESOURCE DEPARTMENT,4.66,18-Apr-19,Under Examination,,Section-2(iii)
30699,Madhya Pradesh,FP/MP/Others/37206/2018,81277,,33 KV LINE FROM CHIRIYA TO TITRANIYA,Others,EXECUTIVEENGINEER MPEB,24,23-Nov-18,Draft,,Section-2(iii)
30642,Madhya Pradesh,FP/MP/Others/37148/2018,80763,,Banjari Shikara (T10) - to Padariya,Others,GM MPRRD SEONI,0.017,20-Nov-18,Draft,,Section-2(iii)
30342,Madhya Pradesh,FP/MP/Others/36867/2018,80505,,RF Tower installation for CCTV Servilence,Others,MP POLICE,0.01,1-Nov-18,Draft,,Section-2(iii)
29696,Madhya Pradesh,FP/MP/Others/36222/2018,78909,,"CONSTRUCTION OF C M GRAM SAROVAR, MUJAWARMAL BLOCK MOHKHED DISTRICT-CHHINDWARA",Others,RURAL ENGINEERING SERVICES (RES) CHHINDWARA DIV NO ONE,8,28-Sep-18,Draft,,Section-2(iii)
28729,Madhya Pradesh,FP/MP/Others/35265/2018,76551,,Tikamgarh New Bus stand To Tikamgarh Sagar Road Sh 37 . Counstruction Of By Pass Road,Others,PUBLIC WORKS DEPARTMENT (B/R),2.94,10-Aug-18,Draft,,Section-2(iii)
27729,Madhya Pradesh,FP/MP/Others/34262/2018,74234,,Keoti Jankhai Road to Paniyari Ghat,Others,OFFICE OF THE EXECUTIVE ENGINEER P.W.D. DIVISION NO.1 REWA,5,10-Jul-18,Draft,,Section-2(iii)
27202,Madhya Pradesh,FP/MP/Others/33772/2018,67264,,Indore- Dahod new BG line project,Others,DEPUTY CHIEF ENGINEER CONSTRUCTION II INDORE WESTERN RAILWAY,57.64,22-May-18,Draft,,Section-2(iii)
27098,Madhya Pradesh,FP/MP/Others/33674/2018,71632,,improvement of water supply scheme in mandav town district dhar under MPUSIP-2C,Others,MADHYA PRADESH URBAN DEVELOPMENT AND HOUSING DEPARTMENT,0.85,17-May-18,Draft,,Section-2(iii)
25859,Madhya Pradesh,FP/MP/Others/33432/2018,71316,,Conversion of MG to BG Between Akola and Khandwa Sections,Others,INDIAN RAILWAY SOUTH CENTRAL RAILWAY,1,3-May-18,Draft,,Section-2(iii)
24519,Madhya Pradesh,FP/MP/Others/33103/2018,67901,,Construction of gravel road from PMGSY road Kodar ghat to Ramna sarkari no 2 under scheme CM Sadak Distance 2.50 K.M. Pushprajgarh,Others,EXECUTIVE ENGINEER RURAL ENGINEERING SERVICE,2,12-Apr-18,Under Examination,,Section-2(iii)
24404,Madhya Pradesh,FP/MP/Others/32996/2018,67264,,Indore - dahod new BG line,Others,DEPUTY CHIEF ENGINEER CONSTRUCTION II INDORE WESTERN RAILWAY,12.1711,7-Apr-18,Draft,,Section-2(iii)
22799,Madhya Pradesh,FP/MP/Others/31409/2018,64004,,Hanumana to Bahri OFC,Others,BHARTI AIRTEL LIMITED VIJAY NAGAR INDORE 452010,0.134,7-Feb-18,Draft,,Section-2(iii)
22940,Madhya Pradesh,FP/MP/Others/31550/2018,64596,,SSMVRWSS SEONI,Others,MPJAL NIGAM MARYADIT JABALPUR,0.999,27-Jan-18,Draft,,Section-2(iii)
22648,Madhya Pradesh,FP/MP/Others/31238/2018,63579,,132 KV PRITHVIPUR - ORCHHA LINE,Others,MPPTCL JABALPUR,3.186,8-Jan-18,Draft,,Section-2(iii)
21298,Madhya Pradesh,FP/MP/Others/29897/2017,59863,,CMGSY PECKAGE NO 802 CHHATARPUR,Others,RURAL ENGINEERING SERVICES MP,1,26-Oct-17,Draft,,Section-2(iii)
21292,Madhya Pradesh,FP/MP/Others/29891/2017,60008,,Eco Tourism Center Devgarh,Others,REGINAL MANAGER MP ECO TOURISM BOARD SOUTH CHHINDWARA DIVISION,0.313,25-Oct-17,Draft,,Section-2(iii)
20265,Madhya Pradesh,FP/MP/Others/28939/2017,42576,,UPGRADATION AND CONSTRUCTION OF KARTHUA CHITRANGI ROAD,Others,EXECUTIVE ENGINEER PWD DIV SINGRAULI,10.13902,28-Aug-17,Draft,,Section-2(iii)
18961,Madhya Pradesh,FP/MP/Others/27436/2017,54477,,New 33/11 KV Chimankhapa S/s,Others,EE PANDHURNA,1,26-Jul-17,Draft,,Section-2(iii)
18128,Madhya Pradesh,FP/MP/Others/26450/2017,52304,,Permission of Bridge on Madiyado To Chauraiya App. Road at Ch. 16450m.,Others,MPRRDAPIUDAMOH,0.2225,30-May-17,Draft,,Section-2(iii)
17437,Madhya Pradesh,FP/MP/Others/25730/2017,43206,,PMJSY,Others,MPRRDA PIU THREE CHHINDWARA,3.798,5-May-17,Under Examination,,Section-2(iii)
16968,Madhya Pradesh,FP/MP/Others/25093/2017,49319,,"Drinking Water Supply Project, Shivpuri",Others,NAGAR PALIKA SHIVPURI MP,3.9,20-Mar-17,Draft,,Section-2(iii)
15878,Madhya Pradesh,FP/MP/MIN/23417/2017,45062,,Special Blast Limited,Mining,SPECIAL BLAST LIMITED,15,2-Jan-17,Draft,,Section-2(iii)
15768,Madhya Pradesh,FP/MP/MIN/23306/2016,44825,8-08/2017-FC,Chouraiya Mines,Mining,M/S SHARDA MINERALS WORKS,40.468,27-Dec-16,Pending at HO,4-Jan-17,Section-2(iii)
15764,Madhya Pradesh,FP/MP/MIN/23301/2016,44358,,"EXTRACTION OF LATERITE/BAUXITE AND CLAY MINING IN FOREST COMPTT NARO, SURVEY NO. 767 VEERAN, VILLAGE-MADWAJHAR IN FAVUR OF M/S RMG SUPER CONDUCTOR PVT. LTD.",Mining,RMG SUPER MINERALS P LTD,11.768,27-Dec-16,Draft,,Section-2(iii)
15439,Madhya Pradesh,FP/MP/MIN/22964/2016,1337,6-MPC011/2005-BHO,Grant of Mining Lease for Manganese Ore,Mining,A P TRIVEDI SONS,2.452,9-Dec-16,PENDING WITH-SG,14-Dec-16,Section-2(iii)
15417,Madhya Pradesh,FP/MP/MIN/22941/2016,1337,6-MPC030/2016-BHO,Grant of Mining Lease for Manganese Ore,Mining,A P TRIVEDI SONS,4.3,7-Dec-16,PENDING WITH-SG,19-Dec-16,Section-2(iii)
15411,Madhya Pradesh,FP/MP/MIN/22934/2016,2345,,Miragpur Mangenese Ore Mine,Mining,ANIK INDUSTRIES LTD,39,7-Dec-16,PENDING WITH-SG,19-Dec-16,Section-2(iii)
15397,Madhya Pradesh,FP/MP/MIN/22920/2016,43435,6-MPC002/2018-BHO,EXTRACTION OF IRON ORE MINING PROJECT (10.49 HA. RESERVED FORESTS & 1.070 HA REVENUE FORESTS) IN FAVOUR OF M/S MA KALI IRON & STEEL CO. PVT. LTD.,Mining,MA KALI IRON AND STEEL COMPANY PVT LTD,11.56,7-Dec-16,IN-PRINCIPLE,7-Dec-16,Section-2(iii)
15386,Madhya Pradesh,FP/MP/MIN/22909/2016,43937,,Modern Mineral Industries,Mining,MODERN MINERAL,10.25,6-Dec-16,PENDING WITH-SG,8-Dec-16,Section-2(iii)
15380,Madhya Pradesh,FP/MP/MIN/22903/2016,43937,,Modern Mineral Industries,Mining,MODERN MINERAL,7.088,6-Dec-16,PENDING WITH-SG,19-Dec-16,Section-2(iii)
15325,Madhya Pradesh,FP/MP/MIN/22848/2016,30371,,ARPAN FERRO ALLOYS,Mining,ARPAN FERRO ALLOYS,28.02,3-Dec-16,PENDING WITH-SG,19-Dec-16,Section-2(iii)
14965,Madhya Pradesh,FP/MP/MIN/22417/2016,43119,,Satri Limestone Mine,Mining,SHRAWAN KUMAR PATHAK,37,29-Nov-16,Draft,,Section-2(iii)
15249,Madhya Pradesh,FP/MP/MIN/22768/2016,41763,,Miragpur Mangenese Ore Mine,Mining,ANIK INDUSTRIES MIRAGPUR MANGENESE ORE MINE,130,29-Nov-16,PENDING WITH-SG,,Section-2(iii)
30816,Maharashtra,FP/MH/Others/37322/2018,80089,,Proposed Eco-Tribal Tourism Project by Thane Municipal Corporation,Others,Thane Municipal Corporation,0.846,28-Nov-18,Draft,,Section-2(iii)
28882,Maharashtra,FP/MH/Others/35418/2018,76382,,Repairs to existing approach road from Ankai caves to Ankai fort Yeola Gate,Others,PWD NASHIK,0.375,3-Sep-18,Draft,,Section-2(iii)
23341,Maharashtra,FP/MH/Others/31953/2018,65620,,Agriculture Pump Electrification,Others,MSEDCL SASWAD,0.8,14-Feb-18,Draft,,Section-2(iii)
22159,Maharashtra,FP/MH/Others/30735/2017,52102,,"Construction of vehicular bridge at the junction of Yari Road and Lokhandwala back Road near Amaranth Tower Building, Andheri (West) in K/West Ward.",Others,MCGM,0.24,11-Dec-17,Draft,,Section-2(iii)
21087,Maharashtra,FP/MH/MIN/29732/2017,59353,8-09/2016-FC,"Shindola Mining Lease, ACC Limited",Mining,M/s ACC Limited,193.67,13-Oct-17,IN-PRINCIPLE,16-Oct-17,Section-2(iii)
20665,Maharashtra,FP/MH/Others/29392/2017,58416,,"Proposal for use of Reserved Forest land for Non-Forest purpose, as per provision under sec.2 of Forest(Conservation) Act, 1980 i.e. Construction of Laying Underground Water supply Pipeline for Farmland",Others,SITARAM BABAN KHARTODE,0.0215,21-Sep-17,Draft,,Section-2(iii)
18804,Maharashtra,FP/MH/Others/27188/2017,54414,,Upgradation of Akola  Washim  Hingoli- Waranga Fata Section of NH-161 in the state of Maharashtra,Others,NATIONAL HIGHWAY AUTHORITY OF INDIA PIU AMRAVATI,16.988,17-Jul-17,Draft,,Section-2(iii)
18233,Maharashtra,FP/MH/Others/26558/2017,46661,,Laying of OFC line Nanashi to Bhatvira (Surgana),Others,RELIANCE JIO INFOCOM LTD.,0.4103,17-Jun-17,Draft,,Section-2(iii)
18195,Maharashtra,FP/MH/Others/26518/2017,52404,,GADIKHEL-SAHYADRI AGRO ROAD,Others,GRAMPANCHAYAT GADIKHEL,0.25,3-Jun-17,Draft,,Section-2(iii)
15882,Maharashtra,FP/MH/Others/23421/2017,45188,,Meljanori to Drugbori pipeline of Panjab Chaware,Others,MELJANORI TO DRUGBORI PIPELINE,0.0228,7-May-17,Draft,,Section-2(iii)
15750,Maharashtra,FP/MH/Others/23287/2016,44821,,Thakre Pipeline of Naigaon Deshmukh,Others,THAKRE PIPELINE NAIGAON,0.4509,25-Apr-17,Draft,,Section-2(iii)
17222,Maharashtra,FP/MH/Others/25490/2017,50008,,"Jawahar Navodaya Vidyalaya Ghot, dist Gadchiroli, Ministry of HRD Govt. of India",Others,JNV GHOT GADCHIROLI,12,3-Apr-17,Draft,,Section-2(iii)
17060,Maharashtra,FP/MH/Others/25214/2017,48885,,RAW WATER GRAVITY MAIN FOR DAUND,Others,DAUND MUNICIPAL COUNCIL,0.225,25-Mar-17,Draft,,Section-2(iii)
16957,Maharashtra,FP/MH/Others/25082/2017,49348,,"CONSTRUCTION OF APPROACH ROAD AT-VILLAGE BIBEE (Comptt.No.236 Gut No.276) TALUKA-KHED , DISTRICT-PUNE.",Others,CONSTRUCTION OF APPROACH ROAD AT VILLAGE BIBEE,0.258,18-Mar-17,Draft,,Section-2(iii)
16340,Maharashtra,FP/MH/Others/23903/2017,45600,,Karul Kegadwadi electrification by MSEDCL,Others,DY EXECUTIVE ENGINEER MSEDCL VAIBHAVWADI,0.016,2-Feb-17,Draft,,Section-2(iii)
15918,Maharashtra,FP/MH/MIN/23457/2017,44992,8-28/2017-FC,Shivram Minerals Ringewadi Bauxite mines,Mining,SHIVRAM MINERALS,61,4-Jan-17,PENDING WITH-SG,24-Mar-17,Section-2(iii)
15523,Maharashtra,FP/MH/MIN/23052/2016,44325,,"MINING AND PROCESSING OF LOW FE VALUE IRON ORE PROJECT, ZOLAMBE",Mining,SMT NEELA V DEMPO AND SHRI SHRINIVAS V DEMPO,95.97,14-Dec-16,PENDING WITH-SG,,Section-2(iii)
15284,Maharashtra,FP/MH/MIN/22803/2016,13892,8-10/2017-FC,Diversion of 72.60 ha. forest land in Village Fuser,Mining,NEW INDIA MINING CORPORATION PVT LTD,72.6,30-Nov-16,Rejected,3-Jan-17,Section-2(iii)
15283,Maharashtra,FP/MH/MIN/22802/2016,13892,8-01/2017-FC,Diversion of 293.00 ha. forest land for village Shedwahi,Mining,NEW INDIA MINING CORPORATION PVT LTD,293.12,30-Nov-16,Rejected,3-Jan-17,Section-2(iii)
15202,Maharashtra,FP/MH/MIN/22602/2016,29710,8-81/2016-FC,Ramdongri Manganese Ore Mining Project,Mining,JAYASWAL NECO INDUSTRIES LIMITED,61.45,26-Nov-16,Rejected,22-Dec-16,Section-2(iii)
15182,Maharashtra,FP/MH/MIN/22582/2016,43479,,Jai Bamleshwari Enterprises Pvt Ltd,Mining,JAI BAMLESHWARI ENTERPRISES PRIVATE LTD GONDIA,4.3,25-Nov-16,PENDING WITH-SG,,Section-2(iii)
15105,Maharashtra,FP/MH/MIN/22558/2016,33237,8-02/2017-FC,Diversion of 695.72 ha. forest land for Mining of Limestone in village Shedwahi (Chedwai) in Giwati Taluka of Chandrapur district.,Mining,MURLI INDUSTRIES LTD,695.72,24-Nov-16,Rejected,4-Jan-17,Section-2(iii)
15069,Maharashtra,FP/MH/Others/22522/2016,42355,,SCHOOL CONSTRUTION,Others,EKLAVYA MODEL RESIDENTIAL SCHOOL AHERI,1.71,23-Nov-16,Draft,,Section-2(iii)
15023,Maharashtra,FP/MH/MIN/22475/2016,43279,8-61/2016-FC,Gopani Iron & Power (India) Pvt. Ltd.,Mining,M/S GOPANI IRON AND POWER INDIA PVT,153.09,21-Nov-16,PENDING WITH-SG,16-Dec-16,Section-2(iii)
14986,Maharashtra,FP/MH/MIN/22438/2016,29271,8-82/2016-FC,Manikgarh Cement Limestone Mines,Mining,MANIKGARH CEMENT,229,20-Nov-16,PENDING WITH-SG,22-Dec-16,Section-2(iii)
27845,Meghalaya,FP/ML/Others/34381/2018,67388,,OFC laying of Samanda-Williamnagar route,Others,MUKAND SYSTEMS AND NETWORKING PVT LTD,1.6,26-Jun-18,Under Examination,,Section-2(iii)
27278,Meghalaya,FP/ML/Others/33839/2018,67388,,Optical Fibre Cable laying (Nengkhra - Rongjeng Road) through Darugiri Reserved Forest,Others,MUKAND SYSTEMS AND NETWORKING PVT LTD,0.97,26-May-18,Under Examination,,Section-2(iii)
27273,Meghalaya,FP/ML/Others/33834/2018,67388,,OFC laying at Samanda-Williamnagar route,Others,MUKAND SYSTEMS AND NETWORKING PVT LTD,4.37,26-May-18,Draft,,Section-2(iii)
24446,Meghalaya,FP/ML/Others/33039/2018,67388,,OFC laying of Samanda-Williamnagar route,Others,MUKAND SYSTEMS AND NETWORKING PVT LTD,108,9-Apr-18,Draft,,Section-2(iii)
15913,Meghalaya,FP/ML/MIN/23452/2017,2515,,"Madan Pyrda , Chiehruphi , Block -1",Mining,GREEN VALLIEY INDUTRIES LIMITED,6.55,4-Jan-17,PENDING WITH-SG,,Section-2(iii)
15539,Meghalaya,FP/ML/MIN/23070/2016,30551,,Diversion of Deemed Private Forest land 4.82 hectares for Mining & Allied activity,Mining,CEMENT MANUFACTURING COMPANY LIMITED,4.82,15-Dec-16,Pending at RO,6-Jan-17,Section-2(iii)
39747,Orissa,FP/OR/MIN/45335/2020,100421,,Baitarani Iron Ore Mine under Barbil Tahasil of District Keonjhar,Mining,DR SAROJINI PRADHAN,3.863,5-May-20,Pending at Nodal Officer,,Section-2(iii)
35495,Orissa,FP/OR/Others/41059/2019,93856,,DIVERSION PROPOSAL FOR CONTINUING THE EXISTING ACTIVITIES AND ALSO FOR APPROVAL OF POST ALLOTMENT PROPOSALS IN REGARDS TO ODISHA INDUSTRIAL INFRASTRUCTURAL DEVELOPMENT CORPORATION (IDCO) LEASE AREA SP,Others,ENVIRONMENTAL RESEARCH AND SERVICES (INDIA) PVT. LTD.,0.0931,8-Jul-19,Under Examination,,Section-2(iii)
20679,Orissa,FP/OR/MIN/29406/2017,50945,,"Ghusuria Iron, Soapstone & Quartzite Mines, Dist- Mayurbhanj, Odisha",Mining,DRUPADA CHANDRA DAGARA,32.02,21-Sep-17,Draft,,Section-2(iii)
18999,Orissa,FP/OR/MIN/27505/2017,54855,,TELEGHANA LIMESTONE & DOLOMITE MINES,Mining,SUSIL KUMAR MISRA,2.602,28-Jul-17,Draft,,Section-2(iii)
18907,Orissa,FP/OR/MIN/27351/2017,54732,,DALPAHAR IRON & MN. MINES OF RAHAS BIHARI DAS,Mining,DALPAHAR IRON & MANGANESE MINES,7.9,24-Jul-17,Draft,,Section-2(iii)
18567,Orissa,FP/OR/MIN/26901/2017,53238,,Maharajpur Iron ore mines.,Mining,MAHARAJPUR IRON ORE MINES,149.999,1-Jul-17,Draft,,Section-2(iii)
17962,Orissa,FP/OR/Others/26281/2017,51858,,KANPUR CANAL(IRRIGATION) SYSTEMS,Others,KANPUR CANAL DIVISION,306.386,19-May-17,Under Examination,,Section-2(iii)
17534,Orissa,FP/OR/MIN/25835/2017,50945,,"Ghusuria Iron, Soapstone & Quartzite Mines, Dist- Mayurbhanj, Odisha",Mining,DRUPADA CHANDRA DAGARA,54.472,25-Apr-17,Draft,,Section-2(iii)
17157,Orissa,FP/OR/MIN/25389/2017,45380,,"COAL MINING IN VILLAGE RAIJHARAN, NANDICHOR AND SIMILISAHI IN CHHENDIPADA TAHASIL BY M/S ORISSA MINING CORPORATION LIMITED (COAL MINING)",Mining,NALCO,143.52,29-Mar-17,Draft,,Section-2(iii)
16128,Orissa,FP/OR/MIN/23674/2017,46167,,Malangtoli Iron Ore Project,Mining,MESCO STEEL,475.457,18-Jan-17,Draft,,Section-2(iii)
16053,Orissa,FP/OR/Others/23595/2017,14382,,"220 KV S/C (2 Conductor) line from 220/33 KV GSS, Bonai to RTSS, Bimlagarh.",Others,OPTCL,3.305,12-Jan-17,Draft,,Section-2(iii)
15998,Orissa,FP/OR/MIN/23539/2017,44424,,Bagiaburu Iron Ore Mines,Mining,ORISSA MINERALS DEVELOPMENT COMPANY LIMITED,21.52,9-Jan-17,Draft,,Section-2(iii)
15996,Orissa,FP/OR/MIN/23537/2017,44424,,Bhadrasai Iron and Manganese Mines,Mining,ORISSA MINERALS DEVELOPMENT COMPANY LIMITED,877.31,9-Jan-17,Draft,,Section-2(iii)
15923,Orissa,FP/OR/MIN/23462/2017,35726,,SARKUNDA MANGANESE MINES,Mining,JAGADSIH MISRA,19.6,5-Jan-17,Draft,,Section-2(iii)
15806,Orissa,FP/OR/MIN/23344/2016,44951,,Kamando Iron & Mn. Deposit,Mining,M/S. M G MOHANTY,146.102,29-Dec-16,Draft,,Section-2(iii)
15763,Orissa,FP/OR/MIN/23300/2016,44424,,Belkundi Iron and Manganese Mines,Mining,ORISSA MINERALS DEVELOPMENT COMPANY LIMITED,448.276,27-Dec-16,Draft,,Section-2(iii)
15718,Orissa,FP/OR/Others/23254/2016,43991,,Plantation over Aquired private non-forest land included in DLC report adjacent to township,Others,JINDAL STEEL AND POWER LIMITED,21.092,24-Dec-16,Pending at Nodal Officer,,Section-2(iii)
15491,Orissa,FP/OR/MIN/23018/2016,39760,,M. Aikath Gurujang Chromite Mine,Mining,M AIKATH,36.179,13-Dec-16,Pending at RO,21-Dec-16,Section-2(iii)
15302,Orissa,FP/OR/MIN/22824/2016,2306,8-29/2016-FC,SAGASAHI IRON ORE MINES,Mining,NATIONAL ENTERPRISES,41.144,2-Dec-16,Rejected,26-Dec-16,Section-2(iii)
15279,Orissa,FP/OR/MIN/22798/2016,43565,,IRON ORE MINING BY SH. J. N. PATNAIK IN VILLAGE BHANJAPALLI AND KOIRA,Mining,JITENDRA NATH PATNAIK,4.22,30-Nov-16,Pending at RO,26-Dec-16,Section-2(iii)
15252,Orissa,FP/OR/MIN/22771/2016,2306,,Adaghat Iron Ore Mines,Mining,NATIONAL ENTERPRISES,15.074,29-Nov-16,Pending at RO,26-Dec-16,Section-2(iii)
15251,Orissa,FP/OR/MIN/22770/2016,7169,,"Proposal for diversion of 35.60 ha Under section - 2(iii) of FC Act ,1980 in respect of Ispat Sukinda Chromite Mine(ML area 35.60 ha) of M/s Balasore Alloys Ltd in Village Kaliapani, Tehsil Sukinda, and Dist: Jajpur, Odisha in Forest block No.27 under Mahagiri DPF to be obtained before execution of mining lease",Mining,MS BALASORE ALLOYS LTD,35.6,29-Nov-16,Pending at RO,20-Dec-16,Section-2(iii)
15243,Orissa,FP/OR/MIN/22762/2016,2306,,Sagasahi Iron Ore Mines,Mining,NATIONAL ENTERPRISES,9.395,29-Nov-16,Draft,,Section-2(iii)
15203,Orissa,FP/OR/MIN/22603/2016,43504,8-63/2016-FC,Diversion of forest land over 152.591 Ha. in Talangi-B Chromite Mining Lease of IDCOL,Mining,THE INDUSTRIAL DEVELOPMENT CORPORATION OF ODISHA LIMITED,152.591,26-Nov-16,Rejected,8-Dec-16,Section-2(iii)
15178,Orissa,FP/OR/MIN/22578/2016,34303,8-35/2016-FC,MINING LEASE IN F/O SHRI RUDRASEN SINDHU M/S ROHTAK ENGINEERING COMPANY (MAGANESE),Mining,RUDRA SEN SINDHU,44.954,25-Nov-16,IN-PRINCIPLE,6-Dec-16,Section-2(iii)
15083,Orissa,FP/OR/MIN/22536/2016,43377,8-73/2016-FC,Kundaposi Iron Ore Mines of M/s OCL Iron Steel Ltd.,Mining,PABITRA KUMAR SWAIN,45.029,23-Nov-16,IN-PRINCIPLE,21-Dec-16,Section-2(iii)
15075,Orissa,FP/OR/MIN/22528/2016,43288,8-56/2016-FC,Kalaparbat Iron & Manganese ML area of Dr.Sarojini Pradhan,Mining,DR. SAROJINI PRADHAN,146.545,23-Nov-16,PENDING WITH-SG,9-Dec-16,Section-2(iii)
15056,Orissa,FP/OR/MIN/22508/2016,36780,8-60/2016-FC,Bainibasa Graphite Mine,Mining,PRADHAN INDUSTRIES,44.038,22-Nov-16,IN-PRINCIPLE,7-Dec-16,Section-2(iii)
15053,Orissa,FP/OR/MIN/22505/2016,35779,8-31/2016-FC,Khandbandh Iron Ore Mine,Mining,SMC POWER GENERATION LIMITED,176.01,22-Nov-16,Rejected,15-Dec-16,Section-2(iii)
15035,Orissa,FP/OR/MIN/22487/2016,32184,,Khandabandh Iron ore Mines of Sree Metaliks,Mining,SREE METALIKS LTD,35.774,22-Nov-16,Pending at RO,9-Dec-16,Section-2(iii)
15030,Orissa,FP/OR/MIN/22482/2016,43138,,ssdt,Mining,SHRI SAI INDUSTRIES,400,22-Nov-16,Draft,,Section-2(iii)
15010,Orissa,FP/OR/MIN/22462/2016,8947,8-36/2016-FC,SAGASAHI IRON & MANGANESE MINES,Mining,PRADHAN ASSOCIATES,363.436,21-Nov-16,PENDING WITH-SG,7-Dec-16,Section-2(iii)
15006,Orissa,FP/OR/MIN/22458/2016,34131,8-50/2016-FC,DIVERSION OF FOREST LAND IN SIDHAMATH RESERVE FOREST IN FAVOUR OF DR. SAROJINI PRADHAN FOR IRON AND MANGANESE ORE MINING,Mining,DR SAROJINI PRADHAN,94.259,21-Nov-16,PENDING WITH-SG,6-Dec-16,Section-2(iii)
15005,Orissa,FP/OR/MIN/22457/2016,1932,8-59/2016-FC,Proposal for divesion of 806.153 ha of forest land in bOnai and Koenhar Forest Division in Odisha for Iron ore mining by Nilachal Ispat Nigam Ltd.,Mining,NEELACHAL ISPAT NIGAM LIMITED,806.153,21-Nov-16,IN-PRINCIPLE,8-Dec-16,Section-2(iii)
14981,Orissa,FP/OR/MIN/22433/2016,1555,,"Siljora, Guruda, Balda, Kalimati (SGBK) Iron and Manganese Mine",Mining,ODISHA MINING CORPORATION LTD,561.978,19-Nov-16,Pending at Nodal Officer,,Section-2(iii)
14980,Orissa,FP/OR/MIN/22432/2016,1555,,Malangtoli Iron Ore Mines,Mining,ODISHA MINING CORPORATION LTD,2382.68,19-Nov-16,Draft,,Section-2(iii)
14975,Orissa,FP/OR/MIN/22427/2016,1555,8-51/2016-FC,Lanjigarh Bauxite Mines,Mining,ODISHA MINING CORPORATION LTD,672.018,19-Nov-16,PENDING WITH-SG,8-Dec-16,Section-2(iii)
14966,Orissa,FP/OR/MIN/22418/2016,1555,,Lanjigarh Bauxite Mines,Mining,ODISHA MINING CORPORATION LTD,672.018,19-Nov-16,Draft,,Section-2(iii)
14957,Orissa,FP/OR/MIN/22409/2016,43138,,sss,Mining,SHRI SAI INDUSTRIES,400,19-Nov-16,Draft,,Section-2(iii)
14953,Orissa,FP/OR/MIN/22405/2016,6651,,aaaa,Mining,INDUSTRIAL DEVELOPMENT CORPORATION OF ODISHA LTD,12.23,19-Nov-16,Draft,,Section-2(iii)
14951,Orissa,FP/OR/MIN/22403/2016,42530,,Katasahi Mn Mines of Sri Mitersen in village Katasahi,Mining,SRI MITER SEN,7.798,19-Nov-16,PENDING WITH-SG,17-Jan-17,Section-2(iii)
14947,Orissa,FP/OR/MIN/22399/2016,1555,8-62/2016-FC,Kodingamali Bauxite,Mining,ODISHA MINING CORPORATION LTD,428.075,18-Nov-16,IN-PRINCIPLE,6-Dec-16,Section-2(iii)
34282,Punjab,FP/PB/Others/40840/2019,92171,,Shri Durga Steel Mil,Others,SHRI DURGA STEEL MILL,0.008,26-Jun-19,Under Examination,,Section-2(iii)
25950,Punjab,FP/PB/Others/33523/2018,71373,,Rehabilitation & up gradation to Four/Six Lane with paved shoulders of Kharar-Banur-Tepla road (NH-205A) from design chainage Km. 0.000 to Km. 46.300 in the state of Punjab.,Others,KL SACHDEVA,35.656,28-Sep-18,Draft,,Section-2(iii)
24507,Punjab,FP/PB/Others/33091/2018,43096,,Construction of RCP CUM MOV Station for PAJPL-Una Branch Pipeline Project,Others,Indian Oil Corporation Limited (Pipelines Division),0.2246,21-Apr-18,Draft,,Section-2(iii)
24405,Punjab,FP/PB/Others/32997/2018,68133,,NOFN under BBNL,Others,BSNL MALOUT,0.02,7-Apr-18,Draft,,Section-2(iii)
22766,Punjab,FP/PB/Others/31374/2018,63944,,Godawri Spherocast Limited,Others,GODAWRI SPHEROCAST LIMITED,0.4542,15-Jan-18,Draft,,Section-2(iii)
21384,Punjab,FP/PB/Others/29984/2017,2827,,R P Multimetals Pvt. Ltd.,Others,GRP ESTATES,0.0087,31-Oct-17,Draft,,Section-2(iii)
18720,Punjab,FP/PB/Others/27093/2017,11583,,Laying Optical fiber cable,Others,IDEA CELLULAR LIMITED,0.148,11-Jul-17,Draft,,Section-2(iii)
18213,Punjab,FP/PB/Others/26538/2017,49772,,Global Group of institution,Others,GLOBAL KNOWLEDGEWARE FOUNDATION,0.505713,13-Jun-17,Draft,,Section-2(iii)
16492,Punjab,FP/PB/Others/24267/2017,47005,,Acquisition,Others,PANKAJ ANCHRA,329.06,13-Feb-17,Draft,,Section-2(iii)
15649,Punjab,FP/PB/Others/23182/2016,30681,,Laying the OFC Cable From Mehta to Hargobindpur,Others,RELIANCE JIO INFOCOMM LIMITED,0.99,8-Feb-17,Under Examination,,Section-2(iii)
16418,Punjab,FP/PB/Others/24027/2017,7592,,Idea Cellular Limited,Others,IDEA CELLULAR LIMITED,1.7395,6-Feb-17,Pending at Nodal Officer,,Section-2(iii)
15630,Punjab,FP/PB/Others/23163/2016,43097,,DIGITAL INDIA PROJECT AT TARAN TARAN TO MUNDI MORE,Others,INFOTEL BROAD BAND SERVICES LTD,1.71,20-Dec-16,Draft,,Section-2(iii)
15508,Punjab,FP/PB/Others/23036/2016,20071,,fillor to aur,Others,RELIANCE JIO INFOCOMM LTD,1.08,14-Dec-16,Draft,,Section-2(iii)
15507,Punjab,FP/PB/Others/23035/2016,20071,,nayashehar to aur,Others,RELIANCE JIO INFOCOMM LTD,0.49,14-Dec-16,Draft,,Section-2(iii)
28840,Rajasthan,FP/RJ/Others/35376/2018,76821,,"Government Adarsh Senior Secondary School, Raysana",Others,GRAM PANCHAYAT RAYSANA,1,25-Aug-18,Draft,,Section-2(iii)
28382,Rajasthan,FP/RJ/MIN/34912/2018,75612,,BALERA MINING,Mining,BALERA MINING,18.2347,1-Aug-18,Draft,,Section-2(iii)
24189,Rajasthan,FP/RJ/Others/32802/2018,67538,,GOVT.SR.SEC.SCHOOL FARIDSAR,Others,GSSS FARIDSAR,1.896,27-Mar-18,Draft,,Section-2(iii)
24186,Rajasthan,FP/RJ/Others/32799/2018,67531,,GOVT SR SEC SCHOOL 8SHPD,Others,GSSS VIII SHPD,1.897,27-Mar-18,Draft,,Section-2(iii)
23085,Rajasthan,FP/RJ/Others/31696/2018,62892,,"Widening, Strengthening and Improvement of Geometrics of Saint to Nonera Road upto UP Border, Via Konthera (UP Border)- Bahaz-Deeg-Khoh-Adi Badri- Baroli Dhau- Kedarnathji Temple-Luhesar- Bhojan Thali (Brij Chorasi Kos Parikarma Marg) Km 0/00 to 82/290 (MDR-211), Bharatpur Rajasthan",Others,PROJECT DIRECTOR PWD POONCHHARI DEEG,2.385,5-Feb-18,Draft,,Section-2(iii)
21991,Rajasthan,FP/RJ/MIN/30570/2017,61917,,"Stone Ballast (ML no. 80/97), Balera, Sujangarh, Churu",Mining,SHRI VIDHYADHAR JAT JI CHURU,0.14,2-Dec-17,Draft,,Section-2(iii)
21989,Rajasthan,FP/RJ/MIN/30568/2017,61911,,STONE BALLAST (MASONARY STONE) MINING LEASE ML NO. 73/97 VILLAGE BALERA CHURU OF SHRI RAJENDRA SINGH CHURU,Mining,SHRI RAJENDRA SINGH CHURU,0.12,1-Dec-17,Draft,,Section-2(iii)
21987,Rajasthan,FP/RJ/MIN/30566/2017,61901,,"STONE BALLAST MINING LEASE ML 76/97 , BALERA , SUJANGARH , CHURU",Mining,RAJENDRA PRASAD CHARANG,0.15,1-Dec-17,Draft,,Section-2(iii)
17174,Rajasthan,FP/RJ/Others/25410/2017,43737,,1 MLD STP & OHSR at Smriti Van Jaipur Rajasthan,Others,JAIPUR DEVELOPMENT AUTHORITY,0.2,30-Mar-17,Draft,,Section-2(iii)
16750,Rajasthan,FP/RJ/MIN/24770/2017,48630,,"Renewal of Four Mining Lease of Sand Stone 240/93, 463/92, 741/92,769/81 near village Gararda Teh. and District Bundi Rajasthan",Mining,"CLUSTER OF FOUR SAND STONE MINING LEASE 240/93, 463/92, 741/92, 769/81",4.4122,3-Mar-17,Draft,,Section-2(iii)
15514,Rajasthan,FP/RJ/MIN/23043/2016,17254,,Devpur-II Mines Dungarpur,Mining,LEGAL HEIRS OF LATE SHRI RANJIT LAL NALWAYA,18.4585,20-Dec-16,Draft,,Section-2(iii)
15293,Rajasthan,FP/RJ/MIN/22814/2016,35841,8-06/2017-FC,Dhulkhera Iron Ore Mine along with Benificiation & Pellet Plant of M/s SAIL,Mining,"Raw Materials Division (RMD), Steel Authority of India Limited (SAIL)",102.789,1-Dec-16,Pending at HO,6-Jan-17,Section-2(iii)
15027,Rajasthan,FP/RJ/MIN/22479/2016,43248,8-57/2016-FC,Ojaswi Marble & Granite Pvt Ltd,Mining,M/S OJASWI MARBLES & GRANITES PVT. LTD.,149.3002,21-Nov-16,IN-PRINCIPLE,1-Dec-16,Section-2(iii)
18137,Sikkim,FP/SK/Others/26460/2017,52371,,"CONSTRUCTION OF FOOD GODOWN FOR STORAGE & DISTRIBUTION OF ESSENTIAL COMMODITIES AT SORENG, WEST SIKKIM",Others,FOOD AND CIVIL SUPPLIES AND CONSUMER AFFAIRS DEPARTMENT,0.11,31-May-17,Under Examination,,Section-2(iii)
38757,Tamil Nadu,FP/TN/Others/44340/2020,80002,,K.S ROAD TO MANALI,Others,BLOCK DEVELOPMENT OFFICER GUMMIDIPOONDI,0.918,1-Feb-20,Under Examination,,Section-2(iii)
36640,Tamil Nadu,FP/TN/Others/42207/2019,95422,,Kathirampatti to Nagathalakuluppu Road H/o Mahendramangalam,Others,KARIMANGALAM,0.36,24-Sep-19,Under Examination,,Section-2(iii)
34317,Tamil Nadu,FP/TN/Others/40875/2019,92410,,Water Supply improvement Schme to Bodinayakanur Municipality,Others,MUNCIPAL COMMISSIONER,0.5,27-Jun-19,Under Examination,,Section-2(iii)
33133,Tamil Nadu,FP/TN/Others/39687/2019,80002,,K.S.road to Erukkuvoy,Others,BLOCK DEVELOPMENT OFFICER GUMMIDIPOONDI,0.918,2-Apr-19,Under Examination,,Section-2(iii)
30336,Tamil Nadu,FP/TN/Others/36862/2018,80494,,Kallampalayam High level Bridge across Moyar River,Others,DRDA THE NILGIRIS,0.11,1-Nov-18,Under Examination,,Section-2(iii)
29840,Tamil Nadu,FP/TN/Others/36365/2018,79289,,Pulikuthikadu Forest Road,Others,RURAL DEVELOPMENT DEPARTMENT,0.1779,5-Oct-18,Under Examination,,Section-2(iii)
29174,Tamil Nadu,FP/TN/Others/35714/2018,76416,,Formation of Road from Kargekandi Road to Kuttaiyur Via Velampatti Road runs Parallel to the Burgur RF of Erode Division Portion of this road 0/0 - 7/0 runs through Burgur RF Erode Division over an ex,Others,DRDA ERODE,4.2,5-Sep-18,Under Examination,,Section-2(iii)
27670,Tamil Nadu,FP/TN/Others/34202/2018,74230,,Formation of Road from Kadambur to Makkampalayam km 8/5 - 11/7 & 15/0 - 19/8,Others,BDO SATHYAMANGALAM,6,17-Jun-18,Under Examination,,Section-2(iii)
27188,Tamil Nadu,FP/TN/Others/33762/2018,71663,,Laying Of 33 KV 1x630 sq mm XLPE UG Cable From Mambakkam 110 KV SS to Pudhupakkam 33 KV SS.,Others,CDC TANGEDCO,0.096,22-May-18,Under Examination,,Section-2(iii)
25599,Tamil Nadu,FP/TN/Others/33185/2018,64882,,PAPANASAM DIVERSION WEIR RESERVOIR,Others,TAMIL NADU ELECTRICITY BOARD,45.23,18-Apr-18,Under Examination,,Section-2(iii)
24437,Tamil Nadu,FP/TN/Others/33030/2018,67951,,Baffle Firing Range CRPF Avadi,Others,GC CRPF AVADI,36.9,9-Apr-18,Under Examination,,Section-2(iii)
23461,Tamil Nadu,FP/TN/Others/32073/2018,3522,,WATER,Others,A P TRIVEDI SONS,10,16-Feb-18,Under Examination,,Section-2(iii)
23485,Tamil Nadu,FP/TN/Others/32097/2018,3522,,laying road,Others,A P TRIVEDI SONS,1.5,16-Feb-18,Under Examination,,Section-2(iii)
23351,Tamil Nadu,FP/TN/Others/31963/2018,63006,,ROAD,Others,BDO THALLY,1.32,15-Feb-18,Under Examination,,Section-2(iii)
20330,Tamil Nadu,FP/TN/Others/29022/2017,54808,,Providing Borewell at Sirapparai,Others,ASSISTANT DIRECTOR PANCHYAT,0.000278709,1-Sep-17,Under Examination,,Section-2(iii)
18918,Tamil Nadu,FP/TN/Others/27366/2017,47197,,Laying of Under Ground Cable,Others,DIRECTORATE OF LIGHT HOUSES AND LIGHT SHIPS CHENNAI REGIONAL,0.126,25-Jul-17,Under Examination,,Section-2(iii)
18908,Tamil Nadu,FP/TN/Others/27352/2017,54808,,Required Permission to Anganwai at Aarasaradi,Others,ASSISTANT DIRECTOR PANCHYAT,0,24-Jul-17,Under Examination,,Section-2(iii)
17071,Tamil Nadu,FP/TN/Others/25245/2017,49639,,Ulchekkadi (Semmampatti) - kilvalasai,Others,BLOCK DEVELOPMENT OFFICER THANDARAMPET,3.5,24-Mar-17,Under Examination,,Section-2(iii)
16242,Tamil Nadu,FP/TN/Others/23796/2017,46572,,400 KV EHT Lines from Thervoikandigai to Manali and Korattur in Chennai Region.,Others,TNEB CHENNAI,14.1804,27-Jan-17,Under Examination,,Section-2(iii)
31613,Uttar Pradesh,FP/UP/Others/38148/2019,83640,,Construction of Ghorawal Road on Minor Bridge on Bakhar river,Others,EXECUTIVE ENGINEER CDTWO PWD MIRZAPUR,0.222,9-Jan-19,Draft,,Section-2(iii)
30981,Uttar Pradesh,FP/UP/Others/37486/2018,81855,,BUS STATION,Others,ARM AURAIYA,7,6-Dec-18,Draft,,Section-2(iii)
28664,Uttar Pradesh,FP/UP/Others/35199/2018,76391,,"RATAIL OUTLET, NADANWARA LTP",Others,INDIAN OIL CORPORATION LIMITED LUCKNOW MANDLEEY KARYALAY LUCKNOW,0.0388,6-Aug-18,Draft,,Section-2(iii)
28169,Uttar Pradesh,FP/UP/Others/34698/2018,75209,,BSNL NOFN work Basti,Others,BSNL BASTI,0.09,12-Jul-18,Draft,,Section-2(iii)
27596,Uttar Pradesh,FP/UP/Others/34126/2018,71633,,Permission for Painting work with Widening of Ghorawal To Bardiya road,Others,PMGSY DIVISION PUBLIC WORKS DEPARTMENT SONEBHADRA,2.365,11-Jun-18,Draft,,Section-2(iii)
27487,Uttar Pradesh,FP/UP/Others/34017/2018,73459,,I.O.C.L. Retail Outlet Agsoli Tehsil Sikandrarao Hathras,Others,IOCL AGRA,0.075062,5-Jun-18,Draft,,Section-2(iii)
23624,Uttar Pradesh,FP/UP/Others/32236/2018,65039,,"Permission for Black top work of Pannuganj , Kirhuliya, panaura sampark marg",Others,PRADHAN MANTRI GRAM SADAK YOJANA GRAMEEN ABHIYANTRAN BIBHAG PIU SONBHADRA,5.6286,24-Feb-18,Draft,,Section-2(iii)
23324,Uttar Pradesh,FP/UP/Others/31936/2018,65039,,Permission for Painting work with Widening of Pannuganj panaura sampark marg,Others,PRADHAN MANTRI GRAM SADAK YOJANA GRAMEEN ABHIYANTRAN BIBHAG PIU SONBHADRA,6.8625,13-Feb-18,Draft,,Section-2(iii)
20121,Uttar Pradesh,FP/UP/Others/28779/2017,55982,,NOFN,Others,BSNL MAINPURI,0.396,23-Aug-17,Draft,,Section-2(iii)
18501,Uttar Pradesh,FP/UP/Others/26834/2017,2151,,"Proposed Protected Forest Land for Exit/Entry approach to New Estabilshment of BPCL Retail Outlet on Khatima-Pilibhit Road (SH-29), At Khasra No.66/2, Village: Gauhar Tehsil: Pilibhit, District: Pilibhit,(Uttar Pradesh)",Others,BHARAT PETROLEUM CORPORATION LIMITED,0.075027,26-Jun-17,Draft,,Section-2(iii)
18205,Uttar Pradesh,FP/UP/Others/26530/2017,45142,,proposed to construction of bridege at saharanpur chilkana road km. 3 (920) and eastern yamuna canala ch. 46.240,Others,PROVINCIAL DIVISION PWD SAHARANPUR,0.5,3-Jun-17,Draft,,Section-2(iii)
16234,Uttar Pradesh,FP/UP/Others/23788/2017,45068,,National Optical Fiber Network,Others,BSNL SAHARANPUR NOFN WING,1.58,24-Apr-17,Draft,,Section-2(iii)
33763,Uttarakhand,FP/UK/Others/40319/2019,64211,,"REHABILITATION AND UP-GARADTION TO 2 LANE WITH PAVED SHOULDER CONFIGURATION & STRENGTHENING OF NH NO.94 FROM KM 133.020 TO KM 137.330 (CHINIYALISAUR BYPASS), LAND SLIDE TREATMENT AT DHARASU FROM KM 139.020 TO KM 139.220 AND NH NO.34 FROM KM 101.060(BADETHI) TO KM 110.860(DHARASU) IN DISTT UTTARKASHI IN THE STATE OF UTTARAKHAND.",Others,THIRTY SIX TASK FORCE,10.519,19-May-19,Under Examination,,Section-2(iii)
32329,Uttarakhand,FP/UK/Others/38868/2019,79634,,Kapkot G.O.V Pumping water supply Scheme,Others,UTTARAKHAND PEYJAL NIGAM,0.434,10-Feb-19,Under Examination,,Section-2(iii)
30033,Uttarakhand,FP/UK/Others/36566/2018,79508,,"Regularisation of land allotted to Himmat Singh by G.O. No. 7262/14-2-742/72 dated 01.11.1975, passed by the State of U.P., the Forest Department allotted to the applicant land measuring 1.265",Others,ASHA LAWRENCE,1.265,16-Oct-18,Under Examination,,Section-2(iii)
25837,Uttarakhand,FP/UK/Others/33412/2018,64212,,Ramnagar OFC Sonjala,Others,RELIANCE JIO,0.404,16-May-18,Draft,,Section-2(iii)
23945,Uttarakhand,FP/UK/Others/32562/2018,66997,,Construction of 400 KV DC Topovan (Vishnugad) -Pipalkoti Transmission Line,Others,POWER TRANSMISSION CORPORATION OF UTTRAKHAND LTD,45.505,17-Mar-18,Draft,,Section-2(iii)
22013,Uttarakhand,FP/UK/ROAD/30592/2017,1735,,KATHPURIYACHINA-RAIKHOLI FOREST ROAD TO BAURI MOTOR ROAD,Road,EXICUTIVE ENGINEER,0.363,4-Dec-17,Under Examination,,Section-2(iii)
21297,Uttarakhand,FP/UK/Others/29896/2017,5525,,Thirang to Salang Motor Road,Others,PMGSY ID UTTARKASHI,3.734,26-Oct-17,Draft,,Section-2(iii)
20558,Uttarakhand,FP/UK/Others/29274/2017,2197,,Construction of Banas to Durbil Motor Road.,Others,PMGSYID PUROLA,2.16,15-Sep-17,Draft,,Section-2(iii)
17629,Uttarakhand,FP/UK/Others/25933/2017,3018,,Reetha to Koona Motor Road Under PMGSY Lohaghat,Others,PMGSY LOHAGHAT,6.94,13-Sep-17,Draft,,Section-2(iii)
20409,Uttarakhand,FP/UK/Others/29114/2017,56659,,Champawat town pumping (Re-organisation) water supply scheme,Others,UTTARAKHAND PEYJAL NIGAM,0.708,7-Sep-17,Draft,,Section-2(iii)
17595,Uttarakhand,FP/UK/Others/25899/2017,5934,,Construction to Ghediyapul to Rewsana Motor Road,Others,PUBLIC WORK DEPARTMENT,4.23,28-Apr-17,Draft,,Section-2(iii)
15757,Uttarakhand,FP/UK/Others/23294/2016,44317,,nistipul to thali motor road,Others,RURAL WORK DEPARTMENT UTTARKASHI,0.14,27-Dec-16,Draft,,Section-2(iii)
15603,Uttarakhand,FP/UK/Others/23135/2016,44317,,nistupul to thali motor road,Others,RURAL WORK DEPARTMENT UTTARKASHI,0.14,19-Dec-16,Draft,,Section-2(iii)
15517,Uttarakhand,FP/UK/Others/23046/2016,38345,,Juyal Garh Cheda Gaud to Dadwa Bhandali Pipe Line,Others,PINNACLE SEZ PROMOTERS PRIVATE LIMITED,0.078,14-Dec-16,Draft,,Section-2(iii)
15175,Uttarakhand,FP/UK/Others/22571/2016,43468,,MERA GAON MERI SADAK,Others,BDO BHATWARI,0.3588,,Draft,,Section-2(iii)
24569,West Bengal,FP/WB/Others/33153/2018,67942,,"ESTABLISHMENT OF 155 BN BSF, BN HQ",Others,COMMANDANTKLP RADHABARI,12.5,16-Apr-18,Under Examination,,Section-2(iii)
19149,West Bengal,FP/WB/Others/27775/2017,55458,,SSML Railway Siding Project,Others,SHYAM STEEL MANUFACTURING LTD,9.82,5-Aug-17,Under Examination,,Section-2(iii)
