id,Proposal_no,user_id,Moef_file_no,Proposal_Name,category,user_agency_name,area_applied,date_from_ua_to_nodal,State_Name,proposal_status,date_of_recomm,user_id1
889,FP/AP/OTHERS/2/2020,33259,NA,"Preliminary exploration for Iron Ore in Veldurthy Block of Cuddapah Supergroup, Kurnool District, Andhra Pradesh",Mining,GEOLOGICAL SURVEY OF INDIA,30,5-Apr-20,Andhra Pradesh,Under Examination,,33259
877,FP/AP/OTHERS/1/2020,107047,NA,KAPPATRALLA,Mining,ATOMIC MINERALS DIRECTORATE FOR EXPLORATION AND RESEARCH SCR HYDERABAD,468.25,6-Mar-20,Andhra Pradesh,Under Examination,,107047
719,FP/AP/OTHERS/12/2018,33259,NA,"General exploration for iron ore around Obulapuram (Block 2), Ananthapur district, Andhra Pradesh.",Mining,GEOLOGICAL SURVEY OF INDIA,95.55,30-Jan-20,Andhra Pradesh,Pending at DFO/DCF,,33259
721,FP/AP/OTHERS/14/2018,33259,NA,"General exploration for iron ore around Obulapuram (Block3), Ananthapur district, Andhra Pradesh",Mining,GEOLOGICAL SURVEY OF INDIA,294.84,30-Jan-20,Andhra Pradesh,Pending at DFO/DCF,,33259
770,FP/AP/OTHERS/18/2018,33259,NA,"General exploration for iron ore around Obulapuram (Block 1), Ananthapur district, Andhra Pradesh.",Mining,GEOLOGICAL SURVEY OF INDIA,42.33,30-Jan-20,Andhra Pradesh,Pending at DFO/DCF,,33259
564,FP/AP/MRL/7/2017,59925,NA,MANCHIRY RF IRON ORE DEPOSIT,Mining,MS AP MINERAL DEVELOPEMNT CORPORATION LTD,17.77,5-Nov-18,Andhra Pradesh,PENDING WITH-SG,23-Jan-20,59925
704,FP/AP/OTHERS/10/2018,68966,NA,"The proposed area fall under compartment Nos 113, 114,115, 116 &117 of Betam Cherla Section, Ghnai Reserve Forest",Mining,GREENKO ENERGIES PRIVATE LIMITED,0.32,26-Oct-18,Andhra Pradesh,Pending at DFO/DCF,,68966
729,FP/AP/MRL/16/2018,33259,NA,"General Exploration For Manganese Ore in Yenubaruva block, Vizianagaram District, Andhra Pradesh.",Mining,GEOLOGICAL SURVEY OF INDIA,64,16-Oct-18,Andhra Pradesh,Under Examination,,33259
693,FP/AP/MRL/9/2018,33259,NA,"Nadigadda block of Chittoor &Cuddapah districts, Andhra Pradesh",Mining,GEOLOGICAL SURVEY OF INDIA,4185,5-Jul-18,Andhra Pradesh,Draft,,33259
692,FP/AP/MRL/8/2018,33259,NA,Yenubaruva Block,Mining,GEOLOGICAL SURVEY OF INDIA,64,5-Jul-18,Andhra Pradesh,Under Examination,,33259
674,FP/AP/MRL/7/2018,33259,NA,"Tapasikonda,Sittapalli block",Mining,GEOLOGICAL SURVEY OF INDIA,3863,25-May-18,Andhra Pradesh,Draft,,33259
672,FP/AP/MRL/6/2018,33259,NA,"Kondamasuru Block, Srikakulam and Visakhapatnam Districts, Andhra Pradesh",Mining,GEOLOGICAL SURVEY OF INDIA,7000,22-May-18,Andhra Pradesh,Draft,,33259
671,FP/AP/MRL/5/2018,33259,NA,"Ippakonda Block, Srikakulam and Visakhapatnam Districts, Andhra Pradesh",Mining,GEOLOGICAL SURVEY OF INDIA,3180,22-May-18,Andhra Pradesh,Draft,,33259
670,FP/AP/MRL/4/2018,33259,NA,Yenubaruva block,Mining,GEOLOGICAL SURVEY OF INDIA,64,22-May-18,Andhra Pradesh,Draft,,33259
545,FP/AP/MRL/5/2017,33259,NA,"Tapasikonda, Addatigala, Burugubanda, Etipalli, Marripalem, Eastern Ghat Mobile Belt",Mining,GEOLOGICAL SURVEY OF INDIA,8000,23-Oct-17,Andhra Pradesh,Draft,,33259
546,FP/AP/MRL/6/2017,33259,NA,"Manganese and Graphite mineralization around Kondamasuru and Ippakonda area,",Mining,GEOLOGICAL SURVEY OF INDIA,12800,23-Oct-17,Andhra Pradesh,Draft,,33259
544,FP/AP/MRL/4/2017,33259,NA,Janapalacheruvu area and adjacent areas,Mining,GEOLOGICAL SURVEY OF INDIA,4000,17-Oct-17,Andhra Pradesh,Draft,,33259
542,FP/AP/MRL/3/2017,33259,NA,Boyapalle-Kottapalle and Nadigadda blocks,Mining,GEOLOGICAL SURVEY OF INDIA,5000,17-Oct-17,Andhra Pradesh,Draft,,33259
513,FP/AP/MRL/2/2017,33259,NA,"Mallayakonda Block,Veligallu schist belt, Chittoor district, Andhra Pradesh.",Mining,GEOLOGICAL SURVEY OF INDIA,6431,10-Jul-17,Andhra Pradesh,Draft,,33259
422,FP/AP/MRL/17/2016,33259,NA,"Nandyal reserve forest and Sirvel reserve forest, Dist Kurnool",Mining,GEOLOGICAL SURVEY OF INDIA,35000,4-Jul-17,Andhra Pradesh,Draft,,33259
380,FP/AP/MRL/1/2016,31041,NA,"Proposal for Prospecting license of Iron Ore and Gold in favour of Geomysore Services India Pvt.Ltd.,Chittoor District, A.P.",Mining,GEOMYSORE SERVICES (INDIA) PVT. LTD.,900,8-Feb-17,Andhra Pradesh,Pending at DFO/DCF,,31041
355,FP/AP/MRL/3/2015,12695,NA,"Ambakapalle area, Proddutur Forest Division, Kadapa District, Andhra Pradesh",Mining,ATOMIC MINERALS DIRECTORATE FOR EXPLORATION AND RESEARCH BENGALURU,150,8-Dec-16,Andhra Pradesh,Draft,,12695
418,FP/AP/MRL/14/2016,33259,NA,Badvel Block (TS No 57N02),Mining,GEOLOGICAL SURVEY OF INDIA,35141,8-Sep-16,Andhra Pradesh,Draft,,33259
421,FP/AP/MRL/16/2016,33259,NA,Idupulapaya & Redlacheruvu Block,Mining,GEOLOGICAL SURVEY OF INDIA,32500,30-May-16,Andhra Pradesh,Draft,,33259
420,FP/AP/MRL/15/2016,33259,NA,Guntur Block,Mining,GEOLOGICAL SURVEY OF INDIA,8561,25-May-16,Andhra Pradesh,Draft,,33259
416,FP/AP/MRL/12/2016,33259,NA,"Giddalur Block<div style=""display:none"">quetiapin ritalin <a href=""http://markenavntablet.site/quetiapin-m?¶rke-navn.asp"">quetiapin und valdoxan</a> quetiapin wirkstoff</div>",Mining,GEOLOGICAL SURVEY OF INDIA,32565.68,23-May-16,Andhra Pradesh,Draft,,33259
414,FP/AP/MRL/11/2016,33259,NA,Ardavidu Block(T.S.No.57I/14),Mining,GEOLOGICAL SURVEY OF INDIA,56082,20-May-16,Andhra Pradesh,Draft,,33259
412,FP/AP/MRL/10/2016,33259,NA,"Markapur Reserve Forest, Prakasham, A.P",Mining,GEOLOGICAL SURVEY OF INDIA,63600,19-May-16,Andhra Pradesh,Draft,,33259
408,FP/AP/MRL/7/2016,33259,NA,Peddacheruvu Block (TS No. 57I/13),Mining,GEOLOGICAL SURVEY OF INDIA,70125,19-May-16,Andhra Pradesh,Draft,,33259
145,FP/AP/MRL/7/2014,1101,NA,Proposal for grant of Prospecting License for Limestone.,Mining,JAYPEE CEMENT CORPORATION LIMITED,198.34,18-May-16,Andhra Pradesh,Draft,,1101
405,FP/AP/MRL/6/2016,33259,NA,Nandyal Block,Mining,GEOLOGICAL SURVEY OF INDIA,41100,14-May-16,Andhra Pradesh,Draft,,33259
402,FP/AP/MRL/3/2016,33259,NA,Mydukuru Block and Badvel Block,Mining,GEOLOGICAL SURVEY OF INDIA,22300,13-May-16,Andhra Pradesh,Draft,,33259
404,FP/AP/MRL/5/2016,33259,NA,"Rajampet, Cuddapah district, Andhra pradesh<div style=""display:none"">quetiapin ritalin <a href=""http://markenavntablet.site/quetiapin-m?¶rke-navn.asp"">quetiapin und valdoxan</a> quetiapin wirkstoff</div>",Mining,GEOLOGICAL SURVEY OF INDIA,29100,13-May-16,Andhra Pradesh,Draft,,33259
403,FP/AP/MRL/4/2016,33259,NA,"Lankamalla Reserved forest, Cuddapah",Mining,GEOLOGICAL SURVEY OF INDIA,40200,13-May-16,Andhra Pradesh,Draft,,33259
400,FP/AP/MRL/2/2016,33145,NA,"SITAPURAM RESERVED FOREST, DISTRICT CUDDAPAH & NELLORE, ANDHRA PRADESH<div style=""display:none"">quetiapin ritalin <a href=""http://markenavntablet.site/quetiapin-m?¶rke-navn.asp"">quetiapin und valdoxan</a> quetiapin wirkstoff</div><div style=""display:none"">quetiapin ritalin <a href=""http://markenavntablet.site/quetiapin-m?¶rke-navn.asp"">quetiapin und valdoxan</a> quetiapin wirkstoff</div>",Mining,GEOLOGICAL SURVEY OF INDIA,49500,11-May-16,Andhra Pradesh,Draft,,33145
362,FP/AP/MRL/5/2015,18232,NA,"Ishwarmala block under Anantapur district, AP",Mining,GEOLOGICAL SURVEY OF INDIA,10000,16-Dec-15,Andhra Pradesh,Draft,,18232
361,FP/AP/MRL/4/2015,18232,NA,"Nandikotkur block in Kurnool District, AP",Mining,GEOLOGICAL SURVEY OF INDIA,15000,16-Dec-15,Andhra Pradesh,Draft,,18232
159,FP/AP/MRL/8/2014,2229,NA,"Ramagiri Iron Ore Prospecting Licence Block ,Anantapur District,Andhra Pradesh",Mining,NMDC LIMITED KALYANDURG,340,10-Dec-14,Andhra Pradesh,Pending with UA,,2229
790,FP/AR/MRL/2/2019,89324,NA,Rupa Dedza Dolomite,Mining,METIS STEEL PVT. LTD,0.15,23-Apr-19,Arunachal Pradesh,Pending at DFO/DCF,,89324
791,FP/AR/MRL/3/2019,80477,NA,Tarak Dolomite,Mining,TASSO ALLOYS PVT LTD,2.15,23-Apr-19,Arunachal Pradesh,Pending at DFO/DCF,,80477
734,FP/AR/MRL/3/2018,80477,NA,Bopi,Mining,TASSO ALLOYS PVT LTD,0.0022,21-Dec-18,Arunachal Pradesh,Draft,,80477
741,FP/AR/MRL/7/2018,80484,NA,Laa lamdak,Mining,SKAMORD MINING PRIVATE LIMITED,0.001011,26-Nov-18,Arunachal Pradesh,Draft,,80484
739,FP/AR/MRL/6/2018,80479,NA,Taliha,Mining,STHENOS CEMENT PRIVATE LIMITED,0.002022,16-Nov-18,Arunachal Pradesh,Draft,,80479
736,FP/AR/MRL/4/2018,80477,NA,Dodeserum,Mining,TASSO ALLOYS PVT LTD,0.002523,12-Nov-18,Arunachal Pradesh,Draft,,80477
698,FP/AR/MRL/1/2018,4937,NA,KHEREM AA/ONDSF/Kherem/2016,Mining,Hindustan Oil Exploration Company Ltd,200,2-Nov-18,Arunachal Pradesh,Draft,,4937
888,FP/AS/MRL/1/2020,102803,NA,Cachar PML Block,Mining,OIL AND NATURAL GAS CORPORATION LIMITED,7.75,22-Jun-20,Assam,Draft,,102803
707,FP/AS/MRL/1/2018,40455,NA,"Reconnoitory drilling in Hojai District, Assam",Mining,ATOMIC MINERALS DIRECTORATE FOR EXPLORATION AND RESEARCH NER SHILLONG,5.287,20-Mar-20,Assam,Under Examination,,40455
711,FP/AS/MRL/2/2018,78630,NA,"M/S MAK Brick Industry Mining Permit Area, Na-Pamua Gaon for Brick Earth Porbotia, Dist : Jorhat, Assam",Mining,MIDDLE ASSAM QUALITY AND MANUFACTURER (MAK),0.803,26-Sep-18,Assam,Draft,,78630
475,FP/AS/MRL/1/2017,40455,NA,"Reconnoitory drilling in Nagaon and Karbi Analong Districts, Assam",Mining,ATOMIC MINERALS DIRECTORATE FOR EXPLORATION AND RESEARCH NER SHILLONG,6.97,22-Dec-17,Assam,Draft,,40455
772,FP/BR/OTHERS/1/2019,83167,NA,Patalganga and Sapneri Magnetite Block,Mining,GEOLOGICAL SURVEY OF INDIA,150,10-Jan-19,Bihar,Under Examination,,83167
864,FP/CG/MRL/1/2020,9863,NA,SUKHJHAR BAUXITE BLOCK FOR PROSPECTING,Mining,CHHATTISGARH MINERAL DEVELOPMENT CORPORATION LIMITED,163.358,18-Jun-20,Chhattisgarh,Draft,,9863
83,FP/CG/MRL/13/2014,545,NA,DUMEDIH COAL BLOCK,Mining,REGIONAL DIRECTOR,1114.59,30-May-20,Chhattisgarh,Pending with UA,,545
894,FP/CG/MRL/6/2020,545,NA,Morga II Coal Block,Mining,REGIONAL DIRECTOR,2356,5-May-20,Chhattisgarh,Draft,,545
893,FP/CG/MRL/5/2020,545,NA,MORGA- I COAL BLOCK,Mining,REGIONAL DIRECTOR,1377,30-Apr-20,Chhattisgarh,Draft,,545
891,FP/CG/MRL/4/2020,545,NA,Batati Kolga Central Coal Block,Mining,REGIONAL DIRECTOR,1915,11-Apr-20,Chhattisgarh,Draft,,545
309,FP/CG/MRL/7/2015,545,NA,Elong Coal Block,Mining,REGIONAL DIRECTOR,1782,17-Mar-20,Chhattisgarh,Draft,,545
881,FP/CG/MRL/3/2020,545,NA,BATATI KOLGA EAST COAL BLOCK,Mining,REGIONAL DIRECTOR,1390,11-Mar-20,Chhattisgarh,Draft,,545
74,FP/CG/MRL/9/2014,545,NA,GITKUNWARI COAL BLOCK,Mining,REGIONAL DIRECTOR,1200.72,24-Jan-20,Chhattisgarh,Pending at DFO/DCF,,545
820,FP/CG/MRL/4/2019,9863,NA,Rupakhar Bauxite Block,Mining,CHHATTISGARH MINERAL DEVELOPMENT CORPORATION LIMITED,53,30-Dec-19,Chhattisgarh,Draft,,9863
73,FP/CG/MRL/8/2014,545,NA,GIRARI COAL BLOCK,Mining,REGIONAL DIRECTOR,1192.03,5-Dec-19,Chhattisgarh,Pending at DFO/DCF,,545
91,FP/CG/MRL/21/2014,545,NA,WEST OF BASIN PHATEHPUR-A COAL BLOCK,Mining,REGIONAL DIRECTOR,920.38,5-Dec-19,Chhattisgarh,Pending at DFO/DCF,,545
807,FP/CG/MRL/3/2019,29710,NA,Chhotedongar iron ore Area,Mining,JAYASWAL NECO INDUSTRIES LIMITED,156.51,7-Aug-19,Chhattisgarh,PENDING WITH-SG,,29710
821,FP/CG/MRL/5/2019,9863,NA,Kudaridih bauxite block,Mining,CHHATTISGARH MINERAL DEVELOPMENT CORPORATION LIMITED,91,5-Aug-19,Chhattisgarh,Draft,,9863
806,FP/CG/MRL/2/2019,9863,NA,Narmadapur Bauxite Block,Mining,CHHATTISGARH MINERAL DEVELOPMENT CORPORATION LIMITED,50,25-Jun-19,Chhattisgarh,Draft,,9863
771,FP/CG/MRL/1/2019,545,NA,Ongaon Potia Sec I & II Coal Block,Mining,REGIONAL DIRECTOR,3.12,23-Jan-19,Chhattisgarh,Draft,,545
77,FP/CG/MRL/12/2014,545,NA,CHIRRA SOUTH EAST COAL BLOCK,Mining,REGIONAL DIRECTOR,417.52,21-Jul-18,Chhattisgarh,Draft,,545
88,FP/CG/MRL/18/2014,545,NA,BASIN PHATEHPUR SOUTH EXTN. COAL BLOCK,Mining,REGIONAL DIRECTOR,181.2,20-Jul-18,Chhattisgarh,Draft,,545
654,FP/CG/MRL/1/2018,68138,NA,JSPL-Bailadila Iron Ore Project,Mining,JINDAL STEEL AND POWER LIMITED,1162,1-May-18,Chhattisgarh,Pending at HO,25-Sep-18,68138
507,FP/CG/MRL/2/2017,33077,NA,Baghmara Gold Block,Mining,VEDANTA LIMITED,414.415,9-Nov-17,Chhattisgarh,Pending at Nodal Officer,25-Sep-18,33077
487,FP/CG/MRL/1/2017,31411,NA,"PAKNI WEST-ANJANI-JAJAWAL BLOCK<div style=""display:none"">quetiapin ritalin <a href=""http://markenavntablet.site/quetiapin-m?¶rke-navn.asp"">quetiapin mod angst</a> quetiapin wirkstoff</div>",Mining,ATOMIC MINERALS DIRECTORATE DEPARTMENT OF ATOMIC ENERGY GOVERNMENT OF INDIA,1000,17-Jul-17,Chhattisgarh,Draft,,31411
465,FP/CG/MRL/10/2016,41950,NA,Gare Palma IV/4 Coal Mine,Mining,HINDALCO GP MINES,236.553,5-Jun-17,Chhattisgarh,Pending at DFO/DCF,,41950
464,FP/CG/MRL/9/2016,41950,NA,Gare Palma IV/5 Coal Mine,Mining,HINDALCO GP MINES,340.673,5-Jun-17,Chhattisgarh,Pending at DFO/DCF,,41950
386,FP/CG/MRL/5/2016,9515,8-46/2017-FC,Kente Extension Coal Block,Mining,Rajasthan Rajya Vidyut Utpadan NIgam Limited,1745.883,8-Feb-17,Chhattisgarh,IN-PRINCIPLE,7-Jul-17,9515
453,FP/CG/MRL/8/2016,39229,FC-III-CH-36-2018-NGP,Kerwa Coal Block,Mining,KERWA COAL LIMITED,1017.363,18-Oct-16,Chhattisgarh,Pending at DFO/DCF,3-Dec-18,39229
426,FP/CG/MRL/7/2016,545,NA,Sursa Coal Block,Mining,REGIONAL DIRECTOR,471,16-Sep-16,Chhattisgarh,Draft,,545
295,FP/CG/MRL/6/2015,545,NA,Chirra South Central Coal Block,Mining,REGIONAL DIRECTOR,678,26-Aug-16,Chhattisgarh,Draft,,545
318,FP/CG/MRL/9/2015,545,NA,Barpali-Karmitikra Coal Block,Mining,REGIONAL DIRECTOR,388,25-Aug-16,Chhattisgarh,Draft,,545
311,FP/CG/MRL/8/2015,545,NA,Karkoma Coal Block,Mining,REGIONAL DIRECTOR,426,23-Aug-16,Chhattisgarh,Draft,,545
341,FP/CG/MRL/10/2015,14027,NA,"SR-ONN-2005/1 block awarded by Government of India in the NELP-VII bidding round<div style=""display:none"">quetiapin ritalin <a href=""http://markenavntablet.site/quetiapin-m?¶rke-navn.asp"">markenavntablet.site</a> quetiapin wirkstoff</div>",Mining,DEEP INDUSTRIES LIMITED,1.6,30-Oct-15,Chhattisgarh,Draft,,14027
66,FP/CG/MRL/4/2014,545,NA,KOTIYA COAL BLOCK,Mining,REGIONAL DIRECTOR,675,17-Apr-15,Chhattisgarh,Pending at DFO/DCF,,545
69,FP/CG/MRL/5/2014,545,NA,JHIGADORE COAL BLOCK,Mining,REGIONAL DIRECTOR,1727,17-Apr-15,Chhattisgarh,Pending at DFO/DCF,,545
70,FP/CG/MRL/6/2014,545,NA,BAGRA COAL BLOCK,Mining,REGIONAL DIRECTOR,916,17-Apr-15,Chhattisgarh,Pending at DFO/DCF,,545
86,FP/CG/MRL/16/2014,545,NA,MAHAN SOUTH COAL BLOCK,Mining,REGIONAL DIRECTOR,1724,17-Apr-15,Chhattisgarh,Pending at DFO/DCF,,545
72,FP/CG/MRL/7/2014,545,NA,PELMA EXTN. COAL BLOCK,Mining,REGIONAL DIRECTOR,460,16-Apr-15,Chhattisgarh,Pending at DFO/DCF,,545
94,FP/CG/MRL/24/2014,545,NA,NAGDHARNA COAL BLOCK,Mining,REGIONAL DIRECTOR,1657,16-Apr-15,Chhattisgarh,Pending with UA,,545
75,FP/CG/MRL/10/2014,545,NA,BUNDELI COAL BLOCK,Mining,REGIONAL DIRECTOR,739.453,16-Apr-15,Chhattisgarh,Draft,,545
84,FP/CG/MRL/14/2014,545,NA,BHELMI COAL BLOCK,Mining,REGIONAL DIRECTOR,1214,16-Apr-15,Chhattisgarh,Pending at DFO/DCF,,545
85,FP/CG/MRL/15/2014,545,NA,MAHAN NORTH COAL BLOCK,Mining,REGIONAL DIRECTOR,2028,16-Apr-15,Chhattisgarh,Pending at DFO/DCF,,545
87,FP/CG/MRL/17/2014,545,NA,"KUSUMGHAT COAL BLOCK<div style=""display:none"">quetiapin ritalin <a href=""http://markenavntablet.site/quetiapin-m?¶rke-navn.asp"">quetiapin und valdoxan</a> quetiapin wirkstoff</div>",Mining,REGIONAL DIRECTOR,182,16-Apr-15,Chhattisgarh,Pending at DFO/DCF,,545
100,FP/CG/MRL/29/2014,545,NA,LABJI PUSLA COAL BLOCK,Mining,REGIONAL DIRECTOR,5966,16-Apr-15,Chhattisgarh,Pending at DFO/DCF,,545
92,FP/CG/MRL/22/2014,545,NA,WEST OF BASIN PHATEHPUR-C COAL BLOCK,Mining,REGIONAL DIRECTOR,1130,15-Apr-15,Chhattisgarh,Pending with UA,,545
93,FP/CG/MRL/23/2014,545,NA,TATAPANI COAL BLOCK,Mining,REGIONAL DIRECTOR,3016,15-Apr-15,Chhattisgarh,Pending at DFO/DCF,,545
95,FP/CG/MRL/25/2014,545,NA,PUSULDA COAL BLOCK,Mining,REGIONAL DIRECTOR,302,15-Apr-15,Chhattisgarh,Pending at DFO/DCF,,545
96,FP/CG/MRL/26/2014,545,NA,DUBA NORTH COAL BLOCK,Mining,REGIONAL DIRECTOR,349,15-Apr-15,Chhattisgarh,Pending at DFO/DCF,,545
97,FP/CG/MRL/27/2014,545,NA,DUBA DIP SIDE COAL BLOCK,Mining,REGIONAL DIRECTOR,296,15-Apr-15,Chhattisgarh,Pending at DFO/DCF,,545
76,FP/CG/MRL/11/2014,545,NA,BEHRATOLI COAL BLOCK,Mining,REGIONAL DIRECTOR,1029,15-Apr-15,Chhattisgarh,Pending at DFO/DCF,,545
98,FP/CG/MRL/28/2014,545,NA,"AMARTIPUR EXTN. COAL BLOCK<div style=""display:none"">quetiapin ritalin <a href=""http://markenavntablet.site/quetiapin-m?¶rke-navn.asp"">markenavntablet.site</a> quetiapin wirkstoff</div>",Mining,REGIONAL DIRECTOR,276,15-Apr-15,Chhattisgarh,Pending at DFO/DCF,,545
102,FP/CG/MRL/30/2014,545,NA,NAGAR COAL BLOCK,Mining,REGIONAL DIRECTOR,1469,4-Feb-15,Chhattisgarh,Pending at DFO/DCF,,545
23,FP/CG/MRL/2/2014,577,NA,"Coal block, Saidu, Hasdo-Arand Coalfield.",Mining,Regional Head,672,31-Dec-14,Chhattisgarh,Draft,,577
110,FP/CG/MRL/33/2014,545,NA,REONTI WESTERN SECTOR COAL BLOCK,Mining,REGIONAL DIRECTOR,245,24-Oct-14,Chhattisgarh,Pending at DFO/DCF,,545
106,FP/CG/MRL/32/2014,1298,NA,Pharsabahar PL Gold Prospect,Mining,GEOMYSORE SERVICES INDIA PVT LTD,650.345,22-Oct-14,Chhattisgarh,Draft,,1298
90,FP/CG/MRL/20/2014,545,NA,REONTI EASTERN SECTOR COAL BLOCK,Mining,REGIONAL DIRECTOR,310,10-Oct-14,Chhattisgarh,Pending at DFO/DCF,,545
898,FP/GJ/PROS/1/2020,110863,NA,"Preliminary exploration for lateritic bauxite in and around Julrai and Junagiya areas, Kachchh District, Gujarat (G3)",Mining,GEOLOGICAL SURVEY OF INDIA GUJARAT,1000,22-Jun-20,Gujarat,Under Examination,,110863
899,FP/GJ/PROS/2/2020,110863,NA,Mineral Investigation in Manka- Nakhal,Mining,GEOLOGICAL SURVEY OF INDIA GUJARAT,200,17-Jun-20,Gujarat,Under Examination,,110863
371,FP/GJ/MRL/1/2016,7674,NA,Khodada-Khambaliya,Mining,GEOLOGICAL SURVEY OF INDIA,200,16-Feb-16,Gujarat,Draft,,7674
543,FP/HP/MRL/2/2017,59380,NA,River bed mining in Siul River Distt. Chamba,Mining,MINING OFFICER DISTRICT CHAMBA,13.2521,29-Jun-19,Himachal Pradesh,Pending with UA,5-Feb-19,59380
626,FP/HP/MRL/1/2018,10822,8B/HP/05/88/2018/FC,Kangra-Mandi PEL Block,Mining,OIL AND NATURAL GAS CORPORATION LIMITED,1.1603,17-Jun-19,Himachal Pradesh,IN-PRINCIPLE,13-Dec-18,10822
553,FP/HP/MRL/4/2017,59380,NA,River Bed Mining in Salandri Khad (Stream) at Mohal Janna Distt. Chamba H.P.,Mining,MINING OFFICER DISTRICT CHAMBA,1.052,26-Jun-18,Himachal Pradesh,Pending with UA,4-Feb-19,59380
552,FP/HP/MRL/3/2017,59380,NA,"River Bed Mining in Siul River, Mohal Danoon District Chamba H.P.",Mining,MINING OFFICER DISTRICT CHAMBA,16.1898,26-Jun-18,Himachal Pradesh,Pending with UA,5-Feb-19,59380
425,FP/HP/MRL/3/2016,35867,NA,Chowari,Mining,TOURISM AND CIVIL AVIATION,0.2,6-Jun-16,Himachal Pradesh,Draft,,35867
398,FP/HP/MRL/1/2016,30861,NA,Salooni,Mining,TOURISM AND CIVIL AVIATION DEPARTMENT,0.17,5-May-16,Himachal Pradesh,Draft,,30861
212,FP/HP/MRL/1/2015,5947,NA,Gram Panchayat Ghar at Punthal Block Kullu.,Mining,DISTRICT PANCHAYAT OFFICE KULLU,0.0162,21-Mar-15,Himachal Pradesh,Draft,,5947
810,FP/JH/OTHERS/5/2019,94043,NA,Bokna,Mining,MINERAL EXPLORATION CORPORATION LIMITED,300,10-Jun-20,Jharkhand,Pending at DFO/DCF,,94043
868,FP/JH/MRL/1/2020,107005,NA,CHANPI GRAPHITE BLOCK,Mining,DIRECTORATE OF GEOLOGY GOVT OF JHARKHAND,77.946,19-May-20,Jharkhand,Draft,,107005
778,FP/JH/MRL/3/2019,84027,NA,Ghatkuri Iron ore Mines of Sri Nirmal Kumar Pradeep Kumar,Mining,MS NIRMAL KUMAR PRADEEP KUMAR,1.8177,3-Mar-20,Jharkhand,Pending at DFO/DCF,,84027
812,FP/JH/OTHERS/7/2019,94043,NA,Madua Pat-I,Mining,MINERAL EXPLORATION CORPORATION LIMITED,150,19-Feb-20,Jharkhand,Under Examination,,94043
48,FP/JH/MRL/10/2014,753,NA,ASHOKA KARKATTA PH-II COAL BLOCK,Mining,CMPDI REGIONAL INSTITUTE III,2602,11-Feb-20,Jharkhand,Pending with UA,,753
817,FP/JH/MRL/10/2019,93949,NA,SC/MN/03/2018-19,Mining,DIRECTORATE OF GEOLOGY GOVT OF JHARKHAND,63.7,10-Feb-20,Jharkhand,Pending at DFO/DCF,,93949
702,FP/JH/MRL/8/2018,54793,NA,KARKE-CHUNDI,Mining,"ATOMIC MINERALS DIRECTORATE FOR EXPLORATION AND RESEARCH,EASTERN REGION,JAMSHEDPUR",700,27-Jan-20,Jharkhand,Pending at Nodal Officer,,54793
839,FP/JH/MRL/13/2019,93949,NA,SC/MN/04/2018-19,Mining,DIRECTORATE OF GEOLOGY GOVT OF JHARKHAND,263.8,6-Jan-20,Jharkhand,Draft,,93949
811,FP/JH/MRL/6/2019,93949,NA,2020KOLHAN_NKPK_NOAMUNDI,Mining,DIRECTORATE OF GEOLOGY GOVT OF JHARKHAND,51.686,11-Dec-19,Jharkhand,PENDING WITH-SG,,93949
809,FP/JH/MRL/4/2019,93949,NA,2020KOLHAN_PKJ_THAKURANI,Mining,DIRECTORATE OF GEOLOGY GOVT OF JHARKHAND,70.94,11-Dec-19,Jharkhand,Pending at CF/CCF,,93949
814,FP/JH/MRL/9/2019,58218,NA,Dumri Coal Block,Mining,HINDALCO INDUSTIRES LTD DUMRI COAL MINE,163.64,20-Nov-19,Jharkhand,Pending with UA,,58218
667,FP/JH/OTHERS/7/2018,58218,NA,DUMRI COAL BLOCK,Mining,HINDALCO INDUSTIRES LTD DUMRI COAL MINE,0.97,20-Nov-19,Jharkhand,Pending at Nodal Officer,,58218
813,FP/JH/OTHERS/8/2019,94043,NA,Garh Pat,Mining,MINERAL EXPLORATION CORPORATION LIMITED,342,4-Nov-19,Jharkhand,Pending with UA,,94043
766,FP/JH/MRL/10/2018,82926,NA,Ajitaburu iron & mn mine,Mining,DEVKABAI VELJI,14.774,25-Sep-19,Jharkhand,Pending at DFO/DCF,,82926
577,FP/JH/MRL/1/2018,58218,NA,Dumri Coal Mine,Mining,HINDALCO INDUSTIRES LTD DUMRI COAL MINE,163.64,6-Sep-19,Jharkhand,Draft,,58218
819,FP/JH/MRL/11/2019,9864,NA,Duarguiburu Mining Lease,Mining,Steel Authority of India Limited (SAIL),1036.092,31-Aug-19,Jharkhand,Draft,,9864
776,FP/JH/MRL/2/2019,5816,NA,GHATKURI IRON ORE MINES OF M/sRUNGTA MINES LIMITED,Mining,RUNGTA MINES LTD,2.365,17-Aug-19,Jharkhand,Pending with UA,,5816
666,FP/JH/MRL/6/2018,49404,NA,BARAIBURU TATIBA IRON AND MANGANESE MINES,Mining,THE RAMESHWARA JUTE MILLS LIMITED,185.89,29-Jul-19,Jharkhand,Pending with UA,,49404
497,FP/JH/MRL/1/2017,50170,NA,"KALYANPUR-BADALPARA COAL BLOCK, BRAHMANI COALFIELD (RAJMAHAL GROUP OF COALFIELDS) DISTT. DUMKA, JHARKHAND, INDIA",Mining,KALYANPUR BADALPARA,367.04,9-May-19,Jharkhand,Draft,,50170
353,FP/JH/MRL/18/2015,15780,FP/JH/MRL/18/2015,PACHWARA SOUTH COAL BLOCK,Mining,NEYVELI UTTAR PRADESH POWER LIMITED,387.889,8-Feb-19,Jharkhand,IN-PRINCIPLE,,15780
433,FP/JH/MRL/7/2016,15780,NA,PACHWARA SOUTH COAL BLOCK,Mining,NEYVELI UTTAR PRADESH POWER LIMITED,387.889,7-Jan-19,Jharkhand,Draft,,15780
723,FP/JH/MRL/9/2018,79210,NA,Development of Saharpur-Jamarpani Coal Block,Mining,UP RAJYA VIDYUT UTPADAN NIGAM LIMITED,96.13,7-Jan-19,Jharkhand,Draft,,79210
105,FP/JH/MRL/17/2014,1311,8-54/2016-FC,Sasangda NE Block,Mining,JHARKHAND NATIONAL MINERAL DEVELOPMENT CORPORATION LIMITED,115.46,11-Sep-18,Jharkhand,Pending with UA,1-Jul-16,1311
661,FP/JH/OTHERS/4/2018,69206,NA,"Baraiburu Block, West Singhbhum",Mining,GEOLOGICAL SURVEY OF INDIA,500,28-Jul-18,Jharkhand,Draft,,69206
523,FP/JH/MRL/8/2017,54793,NA,KANTALDIH,Mining,"ATOMIC MINERALS DIRECTORATE FOR EXPLORATION AND RESEARCH,EASTERN REGION,JAMSHEDPUR",0,7-Jan-18,Jharkhand,Pending at DFO/DCF,,54793
531,FP/JH/MRL/10/2017,54793,NA,GOBARGHUSI BLOCK,Mining,"ATOMIC MINERALS DIRECTORATE FOR EXPLORATION AND RESEARCH,EASTERN REGION,JAMSHEDPUR",0,14-Nov-17,Jharkhand,Draft,,54793
554,FP/JH/MRL/13/2017,58218,NA,DUMRI COAL BLOCK,Mining,HINDALCO INDUSTIRES LTD DUMRI COAL MINE,158.64,2-Nov-17,Jharkhand,Draft,,58218
539,FP/JH/MRL/12/2017,58218,NA,Dumri Coal Block District - Hazaribag,Mining,HINDALCO INDUSTIRES LTD DUMRI COAL MINE,163.64,6-Oct-17,Jharkhand,Draft,,58218
512,FP/JH/MRL/6/2017,51002,NA,Pahardia Gold Deposit,Mining,MAITHAN ISPAT LTD,14.202,26-Sep-17,Jharkhand,Pending with UA,,51002
499,FP/JH/MRL/2/2017,8900,NA,KANTALDIH-PHARENGA BLOCK,Mining,"ATOMIC MINERALS DIRECTORATE FOR EXPLORATION AND RESEARCH,EASTERN REGION,JAMSHEDPUR",1000,27-Jul-17,Jharkhand,Draft,,8900
519,FP/JH/MRL/7/2017,8900,NA,Gobargusi area,Mining,"ATOMIC MINERALS DIRECTORATE FOR EXPLORATION AND RESEARCH,EASTERN REGION,JAMSHEDPUR",5,10-Jul-17,Jharkhand,Draft,,8900
385,FP/JH/MRL/1/2016,753,NA,DHADHU EAST COAL BLOCK,Mining,CMPDI REGIONAL INSTITUTE III,2064.85,22-May-17,Jharkhand,Pending with UA,,753
430,FP/JH/MRL/6/2016,36711,NA,HARIHERPUR-LEM- BICHA (BLOCK 2),Mining,BURNPUR CEMENT LIMITED,209.0376,4-May-17,Jharkhand,Pending with UA,,36711
429,FP/JH/MRL/5/2016,36711,NA,HARIHERPUR-LEM-BICHA (BLOCK-1),Mining,BURNPUR CEMENT LIMITED,92.36,4-May-17,Jharkhand,Pending with UA,,36711
455,FP/JH/MRL/8/2016,753,NA,DEONAD-III COAL BLOCK,Mining,CMPDI REGIONAL INSTITUTE III,2106.58,10-Mar-17,Jharkhand,Pending with UA,,753
423,FP/JH/MRL/2/2016,31122,NA,NOAMUNDI IRON MINE,Mining,TATA STEEL LIMITED NOAMUNDI,383.37,1-Jul-16,Jharkhand,Draft,,31122
302,FP/JH/MRL/10/2015,721,NA,Brahmani North Coal Block,Mining,CENTRAL MINE PLANNING AND DESIGN INSTITUTE LIMITED,335,3-Sep-15,Jharkhand,Draft,,721
304,FP/JH/MRL/11/2015,721,NA,Kalyanpur Badalpara Coal Block,Mining,CENTRAL MINE PLANNING AND DESIGN INSTITUTE LIMITED,357,3-Sep-15,Jharkhand,Draft,,721
315,FP/JH/MRL/16/2015,8945,NA,GHATKURI RESERVED FOREST,Mining,MINES AND GEOLOGY,705,26-Aug-15,Jharkhand,Draft,,8945
314,FP/JH/MRL/15/2015,8945,NA,GHATKURI RESERVED FOREST,Mining,MINES AND GEOLOGY,762,26-Aug-15,Jharkhand,Draft,,8945
313,FP/JH/MRL/14/2015,8945,NA,GHATKURI RESERVED FOREST,Mining,MINES AND GEOLOGY,811,26-Aug-15,Jharkhand,Draft,,8945
312,FP/JH/MRL/13/2015,8945,NA,GHATKURI RESERVED FOREST,Mining,MINES AND GEOLOGY,600,26-Aug-15,Jharkhand,Draft,,8945
306,FP/JH/MRL/12/2015,8945,NA,HATUJOLA.GHATKURI RESERVE FOREST,Mining,MINES AND GEOLOGY,160,13-Aug-15,Jharkhand,Draft,,8945
294,FP/JH/MRL/8/2015,753,NA,PUNDI SE COAL BLOCK,Mining,CMPDI REGIONAL INSTITUTE III,68.18,25-Jul-15,Jharkhand,Draft,,753
292,FP/JH/MRL/6/2015,753,NA,RAJBAR A COAL BLOCK,Mining,CMPDI REGIONAL INSTITUTE III,106.61,23-Jul-15,Jharkhand,Draft,,753
293,FP/JH/MRL/7/2015,753,NA,RAJBAR C PART COAL BLOCK,Mining,CMPDI REGIONAL INSTITUTE III,709.38,23-Jul-15,Jharkhand,Draft,,753
290,FP/JH/MRL/4/2015,753,NA,CHALKARI EXTN. COAL BLOCK,Mining,CMPDI REGIONAL INSTITUTE III,700,21-Jul-15,Jharkhand,Draft,,753
291,FP/JH/MRL/5/2015,753,NA,CHALKARI EXTN. COAL BLOCK,Mining,CMPDI REGIONAL INSTITUTE III,70,21-Jul-15,Jharkhand,Draft,,753
288,FP/JH/MRL/3/2015,8945,NA,KARAMPADA RF,Mining,MINES AND GEOLOGY,1140.901,10-Jul-15,Jharkhand,Draft,,8945
63,FP/JH/MRL/15/2014,753,NA,WEST OF ASHOK COAL BLOCK,Mining,CMPDI REGIONAL INSTITUTE III,114,24-Sep-14,Jharkhand,Pending with UA,,753
50,FP/JH/MRL/11/2014,753,NA,LOIYO (SECT. B & C) COAL BLOCK,Mining,CMPDI REGIONAL INSTITUTE III,95,15-Sep-14,Jharkhand,Pending with UA,,753
47,FP/JH/MRL/9/2014,753,NA,GONDA COAL BLOCK,Mining,CMPDI REGIONAL INSTITUTE III,596,15-Sep-14,Jharkhand,Pending with UA,,753
38,FP/JH/MRL/5/2014,753,NA,REVISED RAMGARH BLOCK II COAL BLOCK,Mining,CMPDI REGIONAL INSTITUTE III,395,9-Sep-14,Jharkhand,Pending at DFO/DCF,,753
39,FP/JH/MRL/6/2014,753,NA,RAUTPARA-B COAL BLOCK,Mining,CMPDI REGIONAL INSTITUTE III,330,6-Sep-14,Jharkhand,Pending with UA,,753
36,FP/JH/MRL/4/2014,753,NA,Rautpara-A Coal Block,Mining,CMPDI REGIONAL INSTITUTE III,276,6-Sep-14,Jharkhand,Pending with UA,,753
40,FP/JH/MRL/7/2014,753,NA,JEEWANDHARA COAL BLOCK,Mining,CMPDI REGIONAL INSTITUTE III,140,6-Sep-14,Jharkhand,Pending with UA,,753
41,FP/JH/MRL/8/2014,753,NA,GOSE/GOSE EAST COAL BLOCK,Mining,CMPDI REGIONAL INSTITUTE III,130,6-Sep-14,Jharkhand,Pending with UA,,753
33,FP/JH/MRL/3/2014,753,NA,PATRATU A/B/C COAL BLOCK,Mining,CMPDI REGIONAL INSTITUTE III,800,1-Sep-14,Jharkhand,Pending with UA,,753
902,FP/KA/MRL/10/2020,53708,NA,Prospecting in K Brahmananda (ML No.1626),Mining,"BUSINESS DEVELOPMENT, MINERAL EXPLORATION CORPORATION LIMITED",56,25-Jun-20,Karnataka,Under Examination,,53708
901,FP/KA/MRL/9/2020,53708,NA,"Prospecting Block 03 (Amalagamation of ML No.2564,2604,2339,2320 and additional area)",Mining,"BUSINESS DEVELOPMENT, MINERAL EXPLORATION CORPORATION LIMITED",140,25-Jun-20,Karnataka,Under Examination,,53708
900,FP/KA/MRL/8/2020,108384,NA,"PROSPECTING FOR IRON ORE AND MANGANESE ORE IN M/S JANTHAKAL ENTERPRISES (ML NO.993) OVER AN EXTENT OF 80.93 HA IN NIRTHADI RESERVE FOREST, HOLALKERE RANGE, CHITRADURGA DIST, KARNATAKA BY KIOCL LIMITED",Mining,KIOCL LIMITED,80.93,22-Jun-20,Karnataka,Under Examination,,108384
883,FP/KA/MRL/6/2020,53708,NA,"Block 07 (Part of ML No.2556 & 2630 and additional area), Lakkihalli State Forest, Hosdurga taluk, Chitradurga",Mining,"BUSINESS DEVELOPMENT, MINERAL EXPLORATION CORPORATION LIMITED",112,21-Jun-20,Karnataka,Under Examination,,53708
876,FP/KA/MRL/4/2020,108384,NA,"Prospecting for Iron Ore and Manganese Ore in M/s KASHIMURTHY SHETTY AND SONS (ML No.1177 & Additional area) over an extent of 64.75 ha of forest land in NIRTHADI RESERVE FOREST, HOLALKERE RANGE, CHITRADURGA DIST., KARNATAKA by KIOCL Limited, Bengaluru.",Mining,KIOCL LIMITED,64.75,21-Jun-20,Karnataka,Pending at DFO/DCF,,108384
887,FP/KA/MRL/7/2020,108384,NA,"Prospecting for Iron Ore in Block-1: M/s KMMI & Others (ML No.1799, 1806, 2544 & 699 and Additional Area) over an extent of 180 ha in Hospet Reserve Forest, Hospet Taluk, Bellary Dist., Karnataka by KIOCL Limited",Mining,KIOCL LIMITED,180,10-Jun-20,Karnataka,Pending at DFO/DCF,,108384
882,FP/KA/MRL/5/2020,108384,NA,"‚ÄúIron Ore Prospecting in MINERAL BLOCK 02 GG BROTHERS (ML 2522 AND ADDITIONAL AREA) TO THE EXTENT OF 100 HA in Hospet Reserve Forest, Hospet Taluk, Bellary Dist., Karnataka by KIOCL Limited‚Äù",Mining,KIOCL LIMITED,100,10-Jun-20,Karnataka,Pending at DFO/DCF,,108384
874,FP/KA/MRL/3/2020,108384,NA,"Proposal for prospecting of minerals (exploration) over an extent of 141.36 ha of forest land in Mineral Block -06 (ML No.80,2469,1082 & Additional area) IN BALLARI RESERVE FOREST OF SANDUR TALUK, BELLARY DIST., KARNATAKA by KIOCL Limited, Bengaluru",Mining,KIOCL LIMITED,141.36,10-Jun-20,Karnataka,Pending at DFO/DCF,,108384
870,FP/KA/MRL/2/2020,108384,NA,"Prospecting for Iron Ore in MINERAL BLOCK 4- extent of 40 ha (ML No.2483 and Additional Area) in DONIMALAI RESERVE FOREST, SANDUR TALUK, BELLARY DIST., Karnataka by KIOCL Limited.",Mining,KIOCL LIMITED,40,10-Jun-20,Karnataka,Pending at DFO/DCF,,108384
867,FP/KA/MRL/1/2020,53708,NA,"Ettinahatti Block, Ettinahatti Range, Sandur Taluk, Bellary",Mining,"BUSINESS DEVELOPMENT, MINERAL EXPLORATION CORPORATION LIMITED",160,23-May-20,Karnataka,Pending at DFO/DCF,,53708
862,FP/KA/MRL/5/2019,53708,NA,M/s Shanthipriya Minerals Pvt Ltd(ML-2540),Mining,"BUSINESS DEVELOPMENT, MINERAL EXPLORATION CORPORATION LIMITED",80.97,13-Mar-20,Karnataka,Pending at Nodal Officer,,53708
818,FP/KA/MRL/4/2019,58808,NA,"Preliminary exploration for gold in Ajjanahalli Block -I, Tumkur District, Karnataka",Mining,GEOLOGICAL SURVEY OF INDIA,0.0002,13-Dec-19,Karnataka,Draft,,58808
773,FP/KA/MRL/1/2019,83117,NA,Prospecting for Manganes Ore in M.L.NO.1822 MANGANESE & MANGANESE DIOXIDE MINES,Mining,GANGAMMA,84.983,30-Mar-19,Karnataka,Draft,,83117
777,FP/KA/MRL/3/2019,630,NA,Keshavapur Iron & Manganese ore Mine,Mining,Kasi Murthy Setty And Sons,64.7,17-Jan-19,Karnataka,Draft,,630
677,FP/KA/OTHERS/4/2018,52863,NA,Sharavathy Pumped Storage project,Mining,Karnataka Power Corporation Ltd.,877.507,19-Nov-18,Karnataka,PENDING WITH-SG,,52863
644,FP/KA/MRL/3/2018,53708,NA,"Notified area CI 16 MMM 2003, Donimalai Range,Sandur,Bellary",Mining,"BUSINESS DEVELOPMENT, MINERAL EXPLORATION CORPORATION LIMITED",75.22,2-Nov-18,Karnataka,PENDING WITH-SG,,53708
586,FP/KA/MRL/1/2018,53708,NA,"Notified area CI 16 MMM 2003 Sl.No. 4 (Part A),Kumarswamy Range,Sandur",Mining,"BUSINESS DEVELOPMENT, MINERAL EXPLORATION CORPORATION LIMITED",142.15,29-Oct-18,Karnataka,PENDING WITH-SG,,53708
555,FP/KA/MRL/8/2017,58808,F(C)A/11.6/377/KAR/MISC/Prospecting/231,Karajgi forest block Gold,Mining,GEOLOGICAL SURVEY OF INDIA,48.2,13-Mar-18,Karnataka,IN-PRINCIPLE,5-Mar-19,58808
549,FP/KA/MRL/7/2017,58808,No.F(C)A/11.6/383/KAR/MISC/Prospecting,"Preliminary exploration for gold in Salagudda block (part of TS No.48N/6), Byadgi taluk, Haveri district, Karnataka.",Mining,GEOLOGICAL SURVEY OF INDIA,23.96,13-Mar-18,Karnataka,IN-PRINCIPLE,23-Mar-19,58808
557,FP/KA/MRL/9/2017,53708,8-37/2018-FC,"Mining Lease no-2010,NEB Range,Sandur",Mining,"BUSINESS DEVELOPMENT, MINERAL EXPLORATION CORPORATION LIMITED",325.74,26-Dec-17,Karnataka,APPROVED,23-Apr-18,53708
547,FP/KA/MRL/6/2017,58808,No.F(C)A/11.6/379/KAR/MISC/PROSPECTING/308,Paramanahalli Central and North Blocks,Mining,GEOLOGICAL SURVEY OF INDIA,108.59,23-Dec-17,Karnataka,IN-PRINCIPLE,23-Mar-19,58808
537,FP/KA/MRL/5/2017,58808,8-16/2018-FC,"Preliminary exploration for iron ore resource in 6B /CI 16 MMM 2003 of Ramanadurga Hill range, Bellary district, Karnataka. (G3)",Mining,GEOLOGICAL SURVEY OF INDIA,116.52,23-Nov-17,Karnataka,Closed,19-Mar-18,58808
536,FP/KA/MRL/4/2017,58808,8-17/2018-FC,"Preliminary exploration for iron ore resource in blocks 13/1 (North) of Ramanadurga Hill range Bellary district, Karnataka. (G3)",Mining,GEOLOGICAL SURVEY OF INDIA,123.09,23-Nov-17,Karnataka,APPROVED,19-Mar-18,58808
535,FP/KA/MRL/3/2017,58808,8-19/2018-FC,"Preliminary exploration for iron ore resource in blocks 13/1 (South)of Ramanadurga hill range Bellary district, Karnataka (G-3 stage)",Mining,GEOLOGICAL SURVEY OF INDIA,66.91,23-Nov-17,Karnataka,APPROVED,19-Mar-18,58808
534,FP/KA/MRL/2/2017,58808,8-18/2018-FC,"Preliminary exploration for iron ore resource in blocks 6A/CI 16 MMM 2003 of Ramanadurga hill range Bellary district, Karnataka (G-3 stage)",Mining,GEOLOGICAL SURVEY OF INDIA,131.08,23-Nov-17,Karnataka,IN-PRINCIPLE,19-Mar-18,58808
514,FP/KA/MRL/1/2017,53708,NA,Sri M. Dasharatharami Reddy Mine M.L. no. 2560,Mining,"BUSINESS DEVELOPMENT, MINERAL EXPLORATION CORPORATION LIMITED",0.716,17-Aug-17,Karnataka,Draft,,53708
358,FP/KA/MRL/2/2015,18117,NA,"Shiradighat,Hassan & Dakshina kannada District, Karnataka",Mining,CHIEF ENGINEER NATIONAL HIGHWAYS BANGALORE GOVERNMENT OF KARNATAKA,110,6-Jan-16,Karnataka,Pending at RO,5-May-16,18117
338,FP/KA/MRL/1/2015,13866,NA,"Shiradi Ghat, Hassan & Dakshin Kannada District, Karnataka",Mining,GEOCONSULT INDIA PVTLTD,110,30-Oct-15,Karnataka,Draft,,13866
828,FP/KL/MRL/1/2019,96753,NA,BABA GEO-INFOTECH,Mining,BABA GEO INFOTECH,3,26-Oct-19,Kerala,Draft,,96753
896,FP/MP/MRL/1/2020,111625,NA,Prospecting Licence of Marble In Village Malhan,Mining,HERCULES MINING & MINERALS PVT. LDT.,20,1-Jun-20,Madhya Pradesh,Under Examination,,111625
218,FP/MP/MRL/8/2015,1578,NA,DHIRAULI COAL BLOCK,Mining,CENTRAL MINE PLANNING AND DESIGN INSTITUTE LIMITED,1250,16-May-20,Madhya Pradesh,Draft,,1578
583,FP/MP/MRL/4/2018,545,NA,West of Shahdol Coal Block,Mining,REGIONAL DIRECTOR,1005,28-Feb-20,Madhya Pradesh,Pending at DFO/DCF,,545
853,FP/MP/OTHERS/10/2019,102182,NA,Dudhi Major Irrigation Project,Mining,AE RABLS CANAN DIVISION NARSINGHPUR,0.4,25-Feb-20,Madhya Pradesh,Pending at DFO/DCF,,102182
78,FP/MP/MRL/8/2014,545,NA,ARJUNI EAST COAL BLOCK,Mining,REGIONAL DIRECTOR,1046,15-Feb-20,Madhya Pradesh,Pending at DFO/DCF,,545
855,FP/MP/MRL/12/2019,44247,NA,Survey and core drilling permission for Gond Major Irrigation Project.,Mining,EEWRD SINGRAULI,2.516,17-Dec-19,Madhya Pradesh,Pending with UA,,44247
842,FP/MP/MRL/9/2019,99501,NA,"Prospecting of Marble- M/s Singh Associates, Katni",Mining,SINGH ASSOCIATES,5.63,22-Oct-19,Madhya Pradesh,Pending at Nodal Officer,,99501
840,FP/MP/MRL/7/2019,98975,NA,Semarwar Granite Mine,Mining,RUBAM MARBLE & GRANITE,38,18-Oct-19,Madhya Pradesh,Draft,,98975
827,FP/MP/MRL/6/2019,95507,NA,Semarwar Granite Mine,Mining,SUNSHINE STONE,39,18-Oct-19,Madhya Pradesh,Draft,,95507
841,FP/MP/MRL/8/2019,98967,NA,Semarwar Granite Marble,Mining,MOON LIGHT MARBLE & GRANITE,35,18-Oct-19,Madhya Pradesh,Draft,,98967
502,FP/MP/MRL/15/2017,52286,NA,Chapra Marble Mine,Mining,A W AND SONS,17.39,16-Oct-19,Madhya Pradesh,Draft,,52286
710,FP/MP/MRL/69/2018,7577,NA,Mohan Colliery R&D,Mining,WESTERN COALFIELDS LIMITED,0.1,17-Sep-19,Madhya Pradesh,Pending at DFO/DCF,,7577
726,FP/MP/MRL/77/2018,79376,NA,Chilpha Granite Mine,Mining,KRISHNA MINE AND MINERALS,27,18-Jul-19,Madhya Pradesh,Pending at Nodal Officer,,79376
699,FP/MP/OTHERS/67/2018,55330,NA,"Preliminary exploration of gold mineralization in Sonkurwa block and Byodhihar-Bagadha block, District Singrauli, Madhya Pradesh (G3)",Mining,GEOLOGICAL SURVEY OF INDIA,69.7,4-Jun-19,Madhya Pradesh,Draft,,55330
783,FP/MP/MRL/3/2019,55330,NA,base metal exploration (Lead-zinc_copper),Mining,GEOLOGICAL SURVEY OF INDIA,22,16-May-19,Madhya Pradesh,Draft,,55330
780,FP/MP/OTHERS/1/2019,82972,NA,Soil Bearing Capacity and Soil Property test in Buxwaha Village,Mining,EE PHED SAGAR,2.7,2-Apr-19,Madhya Pradesh,Draft,,82972
781,FP/MP/INFRA/2/2019,66258,NA,"Reserve Forest Block 519, 521, 570, 545, 678, 704, 45",Mining,NHAI PIU KATNI,0.0052,25-Mar-19,Madhya Pradesh,Draft,,66258
759,FP/MP/MRL/82/2018,82207,NA,BIJHATOLA GRANITE,Mining,EXCLUSIVE NATURAL STONES LLP,17.6,20-Mar-19,Madhya Pradesh,Draft,,82207
760,FP/MP/MRL/83/2018,82176,NA,PADARIYA GRANITE,Mining,SB STONES PVT LTD JAIPUR,42,20-Mar-19,Madhya Pradesh,Draft,,82176
717,FP/MP/MRL/72/2018,77347,NA,Bamhani,Mining,DG MULTISTONES LLP,8.22,5-Jan-19,Madhya Pradesh,Pending with UA,,77347
756,FP/MP/INFRA/81/2018,79847,NA,"DPR for development of economic corridor, inter corridor and feeder routes to improve the efficiency of freight movement in India under Bharatmala Pariyojna (in MP state).",Mining,NHAI BHOPAL,0.25,24-Dec-18,Madhya Pradesh,Draft,,79847
529,FP/MP/MRL/27/2017,56629,8-73/2018-FC,Nohata-Damoh-Jabera PML,Mining,HGS FB ONGC DEHRADUN,21978,19-Nov-18,Madhya Pradesh,IN-PRINCIPLE,19-Nov-18,56629
618,FP/MP/MRL/32/2018,66734,NA,anuppur mine,Mining,EURO PRATIK ISPAT PRIVATE LIMITED,45.85,16-Nov-18,Madhya Pradesh,Pending at Nodal Officer,,66734
617,FP/MP/MRL/31/2018,66730,NA,anuppur mine,Mining,ANAND MINING,9.399,15-Nov-18,Madhya Pradesh,PENDING WITH-SG,2-Mar-19,66730
732,FP/MP/MRL/79/2018,32668,NA,Rajnagar Colliery Block,Mining,SOUTH EASTERN COAL FIELD LTD,83.946,6-Nov-18,Madhya Pradesh,Pending at Nodal Officer,,32668
737,FP/MP/MRL/80/2018,64523,NA,M/S. D.M. MARBLE KATNI,Mining,D M MARBLE,4.35,1-Nov-18,Madhya Pradesh,Draft,,64523
722,FP/MP/MRL/74/2018,78918,NA,Sighoura Granite Mine,Mining,BUNDELKHAND MINING INDIA PVT LTD,50.309,31-Oct-18,Madhya Pradesh,Pending at DFO/DCF,,78918
724,FP/MP/MRL/75/2018,79264,NA,patan khasera no. 481/1,Mining,SPAN MINERALS PVT LTD,40.102,23-Oct-18,Madhya Pradesh,Pending at Nodal Officer,,79264
526,FP/MP/MRL/24/2017,55354,NA,Chapara Marble Mine-2,Mining,AZHAR MARBLE,8.99,22-Oct-18,Madhya Pradesh,Pending at Nodal Officer,,55354
500,FP/MP/MRL/13/2017,52286,NA,Nimas Marble Maeble,Mining,A W AND SONS,4.25,17-Oct-18,Madhya Pradesh,Pending at Nodal Officer,,52286
715,FP/MP/MRL/70/2018,77347,NA,Bamhani,Mining,DG MULTISTONES LLP,6.075,17-Oct-18,Madhya Pradesh,Pending with UA,,77347
716,FP/MP/MRL/71/2018,77347,NA,Bamhani,Mining,DG MULTISTONES LLP,8.14,17-Oct-18,Madhya Pradesh,Pending with UA,,77347
718,FP/MP/MRL/73/2018,77347,NA,Bamhani,Mining,DG MULTISTONES LLP,1.984,17-Oct-18,Madhya Pradesh,Pending with UA,,77347
520,FP/MP/MRL/22/2017,12492,8-67/2018-FC,Nohta-Damoh-Jabera PML,Mining,ONGC,1321,15-Oct-18,Madhya Pradesh,IN-PRINCIPLE,30-Oct-18,12492
615,FP/MP/MRL/29/2018,65470,NA,SIGHORA GRANITE MINE,Mining,CENTRAL NATURAL STONE,37.034,3-Sep-18,Madhya Pradesh,Draft,,65470
616,FP/MP/MRL/30/2018,65466,NA,SIGHORA GRANITE MINE-2,Mining,ANUPPUR NATURAL STONE,21.846,3-Sep-18,Madhya Pradesh,Draft,,65466
501,FP/MP/MRL/14/2017,52286,NA,Semra Sanoda Granite Mine,Mining,A W AND SONS,27.5,25-Aug-18,Madhya Pradesh,PENDING WITH-SG,,52286
273,FP/MP/MRL/35/2015,1578,NA,Gondbahera Ujheni East Coal Block,Mining,CENTRAL MINE PLANNING AND DESIGN INSTITUTE LIMITED,429.6,3-Aug-18,Madhya Pradesh,Pending at DFO/DCF,,1578
489,FP/MP/MRL/10/2017,1578,NA,BANDHA COAL BLOCK,Mining,CENTRAL MINE PLANNING AND DESIGN INSTITUTE LIMITED,791.5,3-Aug-18,Madhya Pradesh,Pending at DFO/DCF,,1578
454,FP/MP/MRL/10/2016,1578,NA,TIPAJHARIA COAL BLOCK,Mining,CENTRAL MINE PLANNING AND DESIGN INSTITUTE LIMITED,674.8,3-Aug-18,Madhya Pradesh,Pending at DFO/DCF,,1578
658,FP/MP/MRL/52/2018,69082,NA,SUKHLARI GRANITE MINEE 2,Mining,BRIGHT STONE,32.597,27-Jul-18,Madhya Pradesh,PENDING WITH-SG,,69082
679,FP/MP/MRL/55/2018,74413,NA,"7 Bore Hole In Compartment No. PF - 435 Village Bhambni Tehsil - Anuppur, District - Anuppur M.P. By Balaji Marble And Tiles Pvt. Ltd",Mining,BALAJI MARBLE AND TILES PVT. LTD,49,6-Jul-18,Madhya Pradesh,PENDING WITH-SG,,74413
690,FP/MP/MRL/66/2018,590,6-MPC034/2018-BHO,"Prospecting of phosphorite in Mardeora Area of Sagar district, Madhya Pradesh",Mining,Regional Director Northern Region Atomic Minerals Directorate,1,6-Jul-18,Madhya Pradesh,IN-PRINCIPLE,7-Sep-18,590
678,FP/MP/OTHERS/54/2018,590,NA,"Prospecting of phosphorite of Mardeora Area, Sagar district, Madhya Pradesh (Forest Block no. 00514)",Mining,Regional Director Northern Region Atomic Minerals Directorate,1,6-Jul-18,Madhya Pradesh,Draft,,590
373,FP/MP/MRL/2/2016,8473,NA,Lavkushnagar Granite Blocks,Mining,KHAJURAHO STONES (INDIA) PVT LTD,7,28-Jun-18,Madhya Pradesh,PENDING WITH-SG,,8473
680,FP/MP/MRL/56/2018,62098,NA,"6 Bore Hole In compartment No. PF - 435 Village Bhambni Tehsil - Anuppur, District - Anuppur M.P.",Mining,PACIFIC INDUSTRIES LIMITED,38,25-Jun-18,Madhya Pradesh,Pending at Nodal Officer,,62098
681,FP/MP/MRL/57/2018,74430,NA,"7 Bore Hole In Comartment No. PF- 435 Villages - Bhambni, Tehsil - Anuppur, District - Anuppur By Ojaswi Mining",Mining,OJASWI MINING,49,19-Jun-18,Madhya Pradesh,PENDING WITH-SG,,74430
664,FP/MP/MRL/53/2018,62125,NA,Keshipura Granite,Mining,DG MARBLE,8.55,11-May-18,Madhya Pradesh,Pending at DFO/DCF,,62125
477,FP/MP/MRL/2/2017,40958,NA,Keshripura Granite,Mining,DG MINERALS PVT LTD,6.75,3-May-18,Madhya Pradesh,PENDING WITH-SG,,40958
657,FP/MP/MRL/51/2018,68866,NA,PODI GRANITE MINES,Mining,BLACKPEARL STONEX,23.148,20-Apr-18,Madhya Pradesh,Pending at DFO/DCF,,68866
579,FP/MP/MRL/2/2018,62169,NA,"10 Bore Hole In Compartment No. PF - 295 Villages ‚Äì Patan, Tehsil Jaithari District Anuppur By Rahul Marbles Private Limited",Mining,RAHUL MARBLES PRIVATE LIMITED,49,17-Apr-18,Madhya Pradesh,PENDING WITH-SG,1-Jan-00,62169
580,FP/MP/MRL/3/2018,62098,NA,"12 Bore Hole in Compartment No. PF - 295 Village - Patan , Tehsil Jaithari, District Anuppur By Pacific Industries Ltd.",Mining,PACIFIC INDUSTRIES LIMITED,49,17-Apr-18,Madhya Pradesh,PENDING WITH-SG,1-Jan-00,62098
578,FP/MP/MRL/1/2018,28604,NA,"13 Bore Hole In Compartment No. PF - 295 Villages ‚Äì Patan, Tehsil Jaithari District Anuppur By Ojaswi Mining",Mining,OJASWIMINING,49,17-Apr-18,Madhya Pradesh,PENDING WITH-SG,1-Jan-00,28604
460,FP/MP/MRL/12/2016,40958,NA,Katehra Granite,Mining,DG MINERALS PVT LTD,18.9,16-Apr-18,Madhya Pradesh,PENDING WITH-SG,,40958
80,FP/MP/MRL/9/2014,545,NA,ARJUNI WEST COAL BLOCK,Mining,REGIONAL DIRECTOR,1112,16-Apr-18,Madhya Pradesh,Pending at DFO/DCF,,545
627,FP/MP/MRL/40/2018,62858,NA,Bhitariya Granite,Mining,DG WORLD,27.943,26-Mar-18,Madhya Pradesh,Pending at DFO/DCF,,62858
621,FP/MP/MRL/35/2018,46659,NA,Sumedi Granite,Mining,DG STONES LTD.,9.9,19-Mar-18,Madhya Pradesh,Pending at DFO/DCF,,46659
620,FP/MP/MRL/34/2018,46659,NA,Sumedi Granite,Mining,DG STONES LTD.,9.9,19-Mar-18,Madhya Pradesh,Pending at DFO/DCF,,46659
619,FP/MP/MRL/33/2018,46659,NA,Sumedi Granite,Mining,DG STONES LTD.,8.6,19-Mar-18,Madhya Pradesh,Pending at DFO/DCF,,46659
637,FP/MP/MRL/50/2018,66854,NA,Sumedi Granite,Mining,DILEEP INFRASTRUCTURE PVT LTD,8.55,19-Mar-18,Madhya Pradesh,Pending at DFO/DCF,,66854
636,FP/MP/MRL/49/2018,66854,NA,Sumedi Granite,Mining,DILEEP INFRASTRUCTURE PVT LTD,8.5,19-Mar-18,Madhya Pradesh,Pending at DFO/DCF,,66854
635,FP/MP/MRL/48/2018,66854,NA,Sumedi Granite,Mining,DILEEP INFRASTRUCTURE PVT LTD,7.4,19-Mar-18,Madhya Pradesh,Pending at DFO/DCF,,66854
632,FP/MP/MRL/45/2018,66854,NA,Sumedi Granite,Mining,DILEEP INFRASTRUCTURE PVT LTD,6.665,19-Mar-18,Madhya Pradesh,Pending at DFO/DCF,,66854
634,FP/MP/MRL/47/2018,62125,NA,Bhitariya Granite,Mining,DG MARBLE,18.045,19-Mar-18,Madhya Pradesh,Pending at DFO/DCF,,62125
633,FP/MP/MRL/46/2018,66853,NA,Bhitariya Granite,Mining,DG GLOBAL,41.142,19-Mar-18,Madhya Pradesh,Pending at DFO/DCF,,66853
466,FP/MP/MRL/15/2016,545,NA,Chulia Bhulia East Coal Block,Mining,REGIONAL DIRECTOR,995,8-Mar-18,Madhya Pradesh,Pending at Nodal Officer,,545
532,FP/MP/MRL/28/2017,55157,NA,Malhera Granite Block,Mining,GEOMIN INDUSTRIES PVT LTD,21.5,6-Mar-18,Madhya Pradesh,Pending at DFO/DCF,,55157
610,FP/MP/MRL/27/2018,62125,NA,Bhitariya Granite,Mining,DG MARBLE,7.138,16-Feb-18,Madhya Pradesh,Pending at DFO/DCF,,62125
608,FP/MP/MRL/25/2018,62125,NA,Bhitariya Granite,Mining,DG MARBLE,5.4,16-Feb-18,Madhya Pradesh,Pending at DFO/DCF,,62125
607,FP/MP/MRL/24/2018,62125,NA,Bhitariya Granite,Mining,DG MARBLE,5.18,16-Feb-18,Madhya Pradesh,Pending at DFO/DCF,,62125
606,FP/MP/MRL/23/2018,62125,NA,Bhitariya Granite,Mining,DG MARBLE,5.16,16-Feb-18,Madhya Pradesh,Pending at DFO/DCF,,62125
605,FP/MP/MRL/22/2018,62125,NA,Bhitariya Granite,Mining,DG MARBLE,5.4,16-Feb-18,Madhya Pradesh,Pending at DFO/DCF,,62125
604,FP/MP/MRL/21/2018,62125,NA,Bhitariya Granite,Mining,DG MARBLE,2.8,16-Feb-18,Madhya Pradesh,Pending at DFO/DCF,,62125
603,FP/MP/MRL/20/2018,62125,NA,Bhitariya Granite,Mining,DG MARBLE,1.556,16-Feb-18,Madhya Pradesh,Pending at DFO/DCF,,62125
601,FP/MP/MRL/18/2018,62858,NA,Ramupura Granite,Mining,DG WORLD,4.778,16-Feb-18,Madhya Pradesh,Pending at DFO/DCF,,62858
592,FP/MP/MRL/9/2018,62858,NA,Ramupura Granite,Mining,DG WORLD,6,16-Feb-18,Madhya Pradesh,Pending at DFO/DCF,,62858
540,FP/MP/MRL/30/2017,52286,NA,Nimas Marble Mine-3,Mining,A W AND SONS,3.85,16-Jan-18,Madhya Pradesh,Pending at Nodal Officer,,52286
538,FP/MP/MRL/29/2017,59200,NA,Anuppur Granite Mine,Mining,ROSHNI GRANITE,41.278,16-Jan-18,Madhya Pradesh,PENDING WITH-SG,,59200
566,FP/MP/MRL/34/2017,55330,NA,"Badretta area, Morena district, MP",Mining,GEOLOGICAL SURVEY OF INDIA,113,15-Dec-17,Madhya Pradesh,Draft,,55330
562,FP/MP/MRL/31/2017,55330,NA,"Garhi area, Sheopur district, MP",Mining,GEOLOGICAL SURVEY OF INDIA,561,14-Dec-17,Madhya Pradesh,Draft,,55330
372,FP/MP/MRL/1/2016,8473,NA,Lavkushnagar Granite Blocks,Mining,KHAJURAHO STONES (INDIA) PVT LTD,9,27-Nov-17,Madhya Pradesh,Pending at DFO/DCF,,8473
478,FP/MP/MRL/3/2017,46659,NA,"Kathera, Granite",Mining,DG STONES LTD.,3.019,17-Oct-17,Madhya Pradesh,Pending at DFO/DCF,,46659
525,FP/MP/MRL/23/2017,55330,NA,"Chiklar area, Betul distt., Madhya Pradesh",Mining,GEOLOGICAL SURVEY OF INDIA,200,28-Sep-17,Madhya Pradesh,Pending with UA,,55330
490,FP/MP/MRL/11/2017,1578,NA,GURBARA COAL BLOCK,Mining,CENTRAL MINE PLANNING AND DESIGN INSTITUTE LIMITED,1228,19-Sep-17,Madhya Pradesh,Draft,,1578
322,FP/MP/MRL/43/2015,599,NA,Naheriya Dhankasa Coal Block,Mining,CENTRAL MINE PLANNING AND DESIGN INSTITUTE LIMITED,294,7-Sep-17,Madhya Pradesh,Draft,,599
508,FP/MP/MRL/18/2017,51568,NA,Kathara granite block,Mining,KISAN EXPORTS,9.49,7-Sep-17,Madhya Pradesh,PENDING WITH-SG,,51568
509,FP/MP/MRL/19/2017,51568,NA,Madha Gurha Granite Blocks,Mining,KISAN EXPORTS,18.35,7-Sep-17,Madhya Pradesh,PENDING WITH-SG,,51568
459,FP/MP/MRL/11/2016,7577,NA,JHARNA UNDERGROUND MINE,Mining,WESTERN COALFIELDS LIMITED,227,7-Sep-17,Madhya Pradesh,Pending at HO,19-Nov-18,7577
505,FP/MP/MRL/17/2017,38338,NA,Hardwar Granite Block,Mining,FORTUNE STONES LIMITED,44.645,29-Aug-17,Madhya Pradesh,PENDING WITH-SG,,38338
528,FP/MP/MRL/26/2017,53317,F-1/FP/MP/MRL/26/2017,Gudakala Granite Block,Mining,GEOMIN GRANITE,6.277,28-Aug-17,Madhya Pradesh,Pending at ROHQ,2-Jul-18,53317
527,FP/MP/MRL/25/2017,48829,NA,Kesaripura Granite Block,Mining,TIRUPATI GEMS PVT LTD,6.4,28-Aug-17,Madhya Pradesh,Pending at DFO/DCF,,48829
504,FP/MP/MRL/16/2017,53317,NA,Gudakala Granite Block,Mining,GEOMIN GRANITE,6.277,22-Aug-17,Madhya Pradesh,Draft,,53317
484,FP/MP/MRL/8/2017,48829,NA,Kesaripura Granite Block,Mining,TIRUPATI GEMS PVT LTD,6.4,22-Aug-17,Madhya Pradesh,Draft,,48829
485,FP/MP/MRL/9/2017,31411,8-49/2018-FC,"North Betul Division, Range Bhoura, Circle Jhapdi, Beat Kachhar",Mining,ATOMIC MINERALS DIRECTORATE DEPARTMENT OF ATOMIC ENERGY GOVERNMENT OF INDIA,1650,16-Aug-17,Madhya Pradesh,IN-PRINCIPLE,23-Jun-18,31411
317,FP/MP/MRL/40/2015,545,NA,"Pathora West Coal Block<div style=""display:none"">quetiapin ritalin <a href=""http://markenavntablet.site/quetiapin-m?¶rke-navn.asp"">markenavntablet.site</a> quetiapin wirkstoff</div>",Mining,REGIONAL DIRECTOR,226,10-Aug-17,Madhya Pradesh,Draft,,545
296,FP/MP/MRL/36/2015,545,NA,Ghunghuti Coal Block,Mining,REGIONAL DIRECTOR,1224,9-Aug-17,Madhya Pradesh,Draft,,545
316,FP/MP/MRL/39/2015,545,NA,"Pathora East Coal Block<div style=""display:none"">quetiapin ritalin <a href=""http://markenavntablet.site/quetiapin-m?¶rke-navn.asp"">markenavntablet.site</a> quetiapin wirkstoff</div><div style=""display:none"">quetiapin ritalin <a href=""http://markenavntablet.site/quetiapin-m?¶rke-navn.asp"">markenavntablet.site</a> quetiapin wirkstoff</div>",Mining,REGIONAL DIRECTOR,777,31-Jul-17,Madhya Pradesh,Pending at DFO/DCF,,545
462,FP/MP/MRL/14/2016,41207,NA,ATRAR PALERA GRANITE BLOCK,Mining,ICONIC GRANITES LLP JAIPUR,8.2,28-Jul-17,Madhya Pradesh,PENDING WITH-SG,,41207
468,FP/MP/MRL/17/2016,42542,F-1/ 2017/10-11,M.B. Ispat Corporation Ltd.,Mining,MB ISPAT CORPORATION LIMITED,4.9,22-Jul-17,Madhya Pradesh,IN-PRINCIPLE,24-Nov-17,42542
470,FP/MP/MRL/19/2016,42542,F-1/ 780/2017/10-11,Ritesh Tredfinn Ltd.,Mining,MB ISPAT CORPORATION LIMITED,4.9,22-Jul-17,Madhya Pradesh,IN-PRINCIPLE,6-Nov-17,42542
469,FP/MP/MRL/18/2016,42542,F-1/ 2017/10-11,M.B.Sponge & Power Ltd.,Mining,MB ISPAT CORPORATION LIMITED,4.9,22-Jul-17,Madhya Pradesh,IN-PRINCIPLE,24-Nov-17,42542
517,FP/MP/MRL/20/2017,53938,NA,R.M. Pvt. Ltd.,Mining,RESPONSE MERCHANTS PVT. LTD.,4.9,20-Jul-17,Madhya Pradesh,Pending at DFO/DCF,,53938
518,FP/MP/MRL/21/2017,53938,NA,Response Merchants Pvt. Ltd.,Mining,RESPONSE MERCHANTS PVT. LTD.,12,20-Jul-17,Madhya Pradesh,Pending at DFO/DCF,,53938
320,FP/MP/MRL/41/2015,12492,NA,Nohta-Damoh-Jabera PML,Mining,ONGC,19495.5,12-Jul-17,Madhya Pradesh,Draft,,12492
235,FP/MP/MRL/15/2015,6936,NA,RF-417 Range-Waidhan Ekpai/dhodha),Mining,MINE CORP INDIA PVT LTD,9.5872,22-Jun-17,Madhya Pradesh,PENDING WITH-SG,,6936
236,FP/MP/MRL/16/2015,6936,NA,"PF-420,421 Range-Mada (Makrohar)<div style=""display:none"">quetiapin ritalin <a href=""http://markenavntablet.site/quetiapin-m?¶rke-navn.asp"">markenavntablet.site</a> quetiapin wirkstoff</div>",Mining,MINE CORP INDIA PVT LTD,31.1496,22-Jun-17,Madhya Pradesh,PENDING WITH-SG,,6936
262,FP/MP/MRL/33/2015,7572,6-MPC017/2016-BHO,Ghutehi marble block,Mining,JABALPUR MAEBLE,0.81,9-Jun-17,Madhya Pradesh,Approved By ROHQ,5-Aug-16,7572
119,FP/MP/MRL/13/2014,599,NA,NORTH OF AMBARA SUKRI COAL BLOCK,Mining,CENTRAL MINE PLANNING AND DESIGN INSTITUTE LIMITED,836,19-Apr-17,Madhya Pradesh,Draft,,599
339,FP/MP/MRL/45/2015,12198,NA,"Hindalco Industries Limited. Samariya Bauxite Rewa<div style=""display:none"">quetiapin ritalin <a href=""http://markenavntablet.site/quetiapin-m?¶rke-navn.asp"">markenavntablet.site</a> quetiapin wirkstoff</div>",Mining,HINDALCO IND LTD RENUKOOT,2036.679,23-Feb-17,Madhya Pradesh,Pending at DFO/DCF,,12198
81,FP/MP/MRL/10/2014,545,NA,DHANPURA COAL BLOCK,Mining,REGIONAL DIRECTOR,215,15-Feb-17,Madhya Pradesh,Draft,,545
480,FP/MP/MRL/4/2017,47066,NA,Seismic Survey For Exploration of Hydra Carbons,Mining,ONGC KOLKATA,1557.03,7-Feb-17,Madhya Pradesh,Pending at DFO/DCF,,47066
476,FP/MP/MRL/1/2017,45876,NA,"Betul Block - Compartment No.P-490A<div style=""display:none"">quetiapin ritalin <a href=""http://markenavntablet.site/quetiapin-m?¶rke-navn.asp"">quetiapin und valdoxan</a> quetiapin wirkstoff</div>",Mining,DIRECTOR NGRI,75,16-Jan-17,Madhya Pradesh,PENDING WITH-SG,,45876
383,FP/MP/MRL/3/2016,31411,NA,"North Betul Division, Range-Bhoura, Circle-Jhapdi, Beat-Kacchar",Mining,ATOMIC MINERALS DIRECTORATE DEPARTMENT OF ATOMIC ENERGY GOVERNMENT OF INDIA,400,23-Nov-16,Madhya Pradesh,Draft,,31411
461,FP/MP/MRL/13/2016,41207,6-MPC043/2017-BHO,ATRAR PALERA GRANITE BLOCK,Mining,ICONIC GRANITES LLP JAIPUR,7.7,30-Sep-16,Madhya Pradesh,IN-PRINCIPLE,18-Dec-17,41207
442,FP/MP/MRL/7/2016,32195,NA,ATRAR PALERA GRANITE BLOCK,Mining,TELLUS MINCORP PRIVATE LIMITED,6.9,29-Sep-16,Madhya Pradesh,PENDING WITH-SG,,32195
443,FP/MP/MRL/8/2016,32195,NA,ATRAR PALERA GRANITE,Mining,TELLUS MINCORP PRIVATE LIMITED,7.6,29-Sep-16,Madhya Pradesh,Pending at DFO/DCF,,32195
441,FP/MP/MRL/6/2016,32195,NA,ATRAR PALERA GRANITE BLOCK,Mining,TELLUS MINCORP PRIVATE LIMITED,4.9,29-Sep-16,Madhya Pradesh,Pending at DFO/DCF,,32195
449,FP/MP/MRL/9/2016,2345,NA,SONEWANI(RF),Mining,ANIK INDUSTRIES LTD,95,3-Sep-16,Madhya Pradesh,Pending with UA,,2345
308,FP/MP/MRL/37/2015,10822,6-MPB037/2016-BHO,Nohta-Damoh-Jabera PML,Mining,OIL AND NATURAL GAS CORPORATION LIMITED,1.69,24-Aug-16,Madhya Pradesh,Approved By ROHQ,3-Nov-16,10822
365,FP/MP/MRL/48/2015,1578,NA,Dongrital Coal Block,Mining,CENTRAL MINE PLANNING AND DESIGN INSTITUTE LIMITED,1316,23-Jun-16,Madhya Pradesh,Pending at DFO/DCF,,1578
340,FP/MP/MRL/46/2015,12492,8-03/2016-FC,"Nohta-Damoh-Jabera PML<div style=""display:none"">quetiapin ritalin <a href=""http://markenavntablet.site/quetiapin-m?¶rke-navn.asp"">quetiapin und valdoxan</a> quetiapin wirkstoff</div>",Mining,ONGC,19485.3,17-Dec-15,Madhya Pradesh,Pending at DFO/DCF,1-Jan-00,12492
310,FP/MP/MRL/38/2015,5309,NA,"589 Bore Hole in Compartment no. PF- 34, 35, 36, 37, 38 & PF-39 Village - jouly , Silwara, Vinobanagar & Madhabanzar By Pacific Exports",Mining,PACIFIC EXPORTS,1869.63,4-Nov-15,Madhya Pradesh,Draft,,5309
124,FP/MP/MRL/14/2014,599,NA,DHAU EXTENSION COAL BLOCK,Mining,CENTRAL MINE PLANNING AND DESIGN INSTITUTE LIMITED,1595,13-Oct-15,Madhya Pradesh,Draft,,599
56,FP/MP/MRL/3/2014,599,NA,TEDI IMLI COAL BLOCK,Mining,CENTRAL MINE PLANNING AND DESIGN INSTITUTE LIMITED,205,13-Oct-15,Madhya Pradesh,Draft,,599
260,FP/MP/MRL/32/2015,599,NA,"DANWA COAL BLOCK<div style=""display:none"">quetiapin ritalin <a href=""http://markenavntablet.site/quetiapin-m?¶rke-navn.asp"">markenavntablet.site</a> quetiapin wirkstoff</div>",Mining,CENTRAL MINE PLANNING AND DESIGN INSTITUTE LIMITED,2098,13-Oct-15,Madhya Pradesh,Draft,,599
321,FP/MP/MRL/42/2015,599,NA,Rajathari South Coal Block,Mining,CENTRAL MINE PLANNING AND DESIGN INSTITUTE LIMITED,323,13-Oct-15,Madhya Pradesh,Draft,,599
335,FP/MP/MRL/44/2015,13738,NA,Loundi,Mining,DILEEP INFRASTRUCTURE PVT LTD,36.55,9-Oct-15,Madhya Pradesh,Draft,,13738
195,FP/MP/MRL/4/2015,5309,NA,"85 BORE HOLE IN COMPARTMENT NO. PF 34, PF 36, PF 37, PF 38, PF 39 VILLAGE JAULI, SILWARA, VINOBA NAGAR BY PACIFIC EXPORT<div style=""display:none"">quetiapin ritalin <a href=""http://markenavntablet.site/quetiapin-m?¶rke-navn.asp"">quetiapin und valdoxan</a> quetiapin wirkstoff</div>",Mining,PACIFIC EXPORTS,1484.83,24-Aug-15,Madhya Pradesh,Draft,,5309
129,FP/MP/MRL/16/2014,599,NA,DHAU NORTH COAL BLOCK,Mining,CENTRAL MINE PLANNING AND DESIGN INSTITUTE LIMITED,222,17-Aug-15,Madhya Pradesh,Draft,,599
125,FP/MP/MRL/15/2014,599,NA,"TAMBIA COAL BLOCK<div style=""display:none"">quetiapin ritalin <a href=""http://markenavntablet.site/quetiapin-m?¶rke-navn.asp"">markenavntablet.site</a> quetiapin wirkstoff</div>",Mining,CENTRAL MINE PLANNING AND DESIGN INSTITUTE LIMITED,1608,16-Aug-15,Madhya Pradesh,Draft,,599
239,FP/MP/MRL/19/2015,6687,NA,"RF-416,417 range - Waidhan Singrauli",Mining,BOUNTY STONES PVT LTD,17.7505,12-Aug-15,Madhya Pradesh,Pending with UA,,6687
238,FP/MP/MRL/18/2015,6654,NA,"RF-417 Range - Waidhan Singrauli<div style=""display:none"">quetiapin ritalin <a href=""http://markenavntablet.site/quetiapin-m?¶rke-navn.asp"">quetiapin und valdoxan</a> quetiapin wirkstoff</div>",Mining,TITAS PROPERTIES AND DEVELOPERS PVT LTD,18.7211,7-Aug-15,Madhya Pradesh,Pending with UA,,6654
237,FP/MP/MRL/17/2015,6688,NA,RF-417 Range-Waidhan (Ekpai),Mining,SUNBIRD PROPERTIES PVT LTD,18.5232,28-Jul-15,Madhya Pradesh,Pending with UA,,6688
234,FP/MP/MRL/14/2015,6688,NA,"PF-421Range (Mada) Makrohar<div style=""display:none"">quetiapin ritalin <a href=""http://markenavntablet.site/quetiapin-m?¶rke-navn.asp"">quetiapin mod angst</a> quetiapin wirkstoff</div>",Mining,SUNBIRD PROPERTIES PVT LTD,5.9947,27-Jul-15,Madhya Pradesh,Pending with UA,,6688
71,FP/MP/MRL/7/2014,1058,NA,Village -Patarhai Sathari Block Forest Comp. No. 764,Mining,STAR AGRONOMICS LTD,57.178,23-Jun-15,Madhya Pradesh,Pending at DFO/DCF,,1058
271,FP/MP/MRL/34/2015,8193,NA,"Forest Clearance for Prospecting Licence for Iron ore in village Jauli, Dist. Jabalpur (M.P.",Mining,RENAISSANCE MINING AND MINERALS PRIVATE LTD.,100,12-Jun-15,Madhya Pradesh,Pending with UA,,8193
213,FP/MP/MRL/7/2015,599,NA,PATHAKHURI PIPARIYA COAL BLOCK,Mining,CENTRAL MINE PLANNING AND DESIGN INSTITUTE LIMITED,212,2-May-15,Madhya Pradesh,Draft,,599
254,FP/MP/MRL/31/2015,590,NA,Forest Clearance for Survey/Prospecting/Test Drilling for Atomic Mineralsin part of Kupiya Reserve Forest area District Chhattarpur M.P.,Mining,Regional Director Northern Region Atomic Minerals Directorate,150,29-Apr-15,Madhya Pradesh,Pending at DFO/DCF,,590
175,FP/MP/MRL/1/2015,2844,NA,"BLOCK -JAULI, P-37 FOREST RANGE SIHORA, FOREST DIVISION JABALPUR(M.P.)",Mining,RENAISSANCE MINING AND MINERAL PVT LTD,100,24-Mar-15,Madhya Pradesh,Draft,,2844
210,FP/MP/MRL/6/2015,975,NA,Khirwa West Diamond Block,Mining,NMDC LTD,50,19-Mar-15,Madhya Pradesh,Draft,,975
192,FP/MP/MRL/3/2015,975,NA,Pali Diamond Block,Mining,NMDC LTD,5517,27-Feb-15,Madhya Pradesh,Draft,,975
198,FP/MP/MRL/5/2015,428,NA,Sukli Manganese Mine,Mining,MOIL LIMITED,59.88,12-Feb-15,Madhya Pradesh,Draft,,428
117,FP/MP/MRL/12/2014,1578,NA,Purail-Inguri Coal Block,Mining,CENTRAL MINE PLANNING AND DESIGN INSTITUTE LIMITED,1350,19-Jan-15,Madhya Pradesh,Pending at Nodal Officer,,1578
25,FP/MP/MRL/1/2014,590,NA,"Permission For Survey/Prospecting/Test Drilling for Atomic Minerals in and Around Indora-Tigora area District Sagar,M.P.-Reg.<div style=""display:none"">quetiapin ritalin <a href=""http://markenavntablet.site/quetiapin-m?¶rke-navn.asp"">markenavntablet.site</a> quetiapin wirkstoff</div>",Mining,Regional Director Northern Region Atomic Minerals Directorate,990,9-Jan-15,Madhya Pradesh,Draft,7-Oct-15,590
82,FP/MP/MRL/11/2014,545,NA,PANWARI COAL BLOCK,Mining,REGIONAL DIRECTOR,1220,26-Dec-14,Madhya Pradesh,Pending at DFO/DCF,,545
57,FP/MP/MRL/4/2014,599,NA,PATHAKHURI PIPARIYA COAL BLOCK,Mining,CENTRAL MINE PLANNING AND DESIGN INSTITUTE LIMITED,212,11-Dec-14,Madhya Pradesh,Draft,,599
51,FP/MP/MRL/2/2014,1050,NA,"Darolikhurd, P-47 and Khasra No.1Tehsil-Sihora, Jabalpur",Mining,MS SAMDARIYA BUILDERS PVT LTD,100,17-Oct-14,Madhya Pradesh,Pending with UA,9-Mar-15,1050
64,FP/MP/MRL/5/2014,1271,NA,Sagouraiya,Mining,TANDEM MINERALS AND ENERGY LIMITED,40,17-Oct-14,Madhya Pradesh,Draft,,1271
65,FP/MP/MRL/6/2014,1271,NA,BARANAD,Mining,TANDEM MINERALS AND ENERGY LIMITED,70,10-Oct-14,Madhya Pradesh,Draft,,1271
856,FP/MH/MRL/1/2019,36900,NA,Murti Limestone Block,Mining,DIRECTORATE OF GEOLOGY AND MINING,3.55,5-Mar-20,Maharashtra,Draft,,36900
871,FP/MH/MRL/1/2020,33077,NA,Dubarpeth Karanji Copper Block,Mining,VEDANTA LIMITED,736.24,26-Feb-20,Maharashtra,Draft,,33077
706,FP/MH/MRL/3/2018,77852,NA,"Lodhatola-Garra Block, Ramtek Tehsil, Nagpur District",Mining,GEOLOGICAL SURVEY OF INDIA,150,11-Sep-18,Maharashtra,Pending at DFO/DCF,,77852
585,FP/MH/OTHERS/2/2018,50546,NA,East and West Division of Surgana Tal: Surgana Dist: Nashik,Mining,GIRNA RIVER VALLEY PROJECT DIVISION NASHIK,5000,5-Feb-18,Maharashtra,Pending with UA,,50546
581,FP/MH/OTHERS/1/2018,50098,8-47/2018-FC,"Aundha Tehsil, Distt. Hingoli",Mining,"DIRECTORATE OF CONSTRUCTION, SERVICES AND ESTATE MANAGEMENT, DEPARTMENT OF ATOMIC ENERGY",121.83,18-Jan-18,Maharashtra,IN-PRINCIPLE,6-Jul-18,50098
551,FP/MH/MRL/2/2017,31411,NA,MAKARDHOKADA BLOCK,Mining,ATOMIC MINERALS DIRECTORATE DEPARTMENT OF ATOMIC ENERGY GOVERNMENT OF INDIA,700,3-Nov-17,Maharashtra,Pending at DFO/DCF,,31411
439,FP/MH/MRL/3/2016,36900,NA,"Lanzera- Futala, Tah. Mohadi, Dist- Bhandara",Mining,DIRECTORATE OF GEOLOGY AND MINING,464,29-Jun-16,Maharashtra,Pending at DFO/DCF,,36900
435,FP/MH/MRL/2/2016,36900,NA,Mandri-Panchala Block,Mining,DIRECTORATE OF GEOLOGY AND MINING,123,28-Jun-16,Maharashtra,Pending at DFO/DCF,,36900
434,FP/MH/MRL/1/2016,36900,NA,Mandri Panchala Block,Mining,DIRECTORATE OF GEOLOGY AND MINING,123,27-Jun-16,Maharashtra,Draft,,36900
133,FP/MH/MRL/10/2014,599,NA,BHAGWANPUR COAL BLOCK,Mining,CENTRAL MINE PLANNING AND DESIGN INSTITUTE LIMITED,1976,1-May-15,Maharashtra,Pending at DFO/DCF,,599
62,FP/MH/MRL/8/2014,599,NA,"MANDWA COAL BLOCK<div style=""display:none"">quetiapin ritalin <a href=""http://markenavntablet.site/quetiapin-m?¶rke-navn.asp"">quetiapin und valdoxan</a> quetiapin wirkstoff</div>",Mining,CENTRAL MINE PLANNING AND DESIGN INSTITUTE LIMITED,1438,30-Apr-15,Maharashtra,Pending at DFO/DCF,,599
52,FP/MH/MRL/6/2014,599,NA,BAMNI PALASGAON COAL BLOCK,Mining,CENTRAL MINE PLANNING AND DESIGN INSTITUTE LIMITED,470,29-Apr-15,Maharashtra,Pending with UA,,599
49,FP/MH/MRL/5/2014,599,NA,RAJUR MANIKGARH COAL BLOCK,Mining,CENTRAL MINE PLANNING AND DESIGN INSTITUTE LIMITED,869,29-Apr-15,Maharashtra,Pending with UA,,599
31,FP/MH/MRL/3/2014,599,NA,Bhivkund 'A' Coal Block,Mining,CENTRAL MINE PLANNING AND DESIGN INSTITUTE LIMITED,680,29-Apr-15,Maharashtra,Pending with UA,,599
107,FP/MH/MRL/9/2014,599,NA,Mohan Coal Block,Mining,CENTRAL MINE PLANNING AND DESIGN INSTITUTE LIMITED,2034.5,28-Apr-15,Maharashtra,Pending at DFO/DCF,,599
61,FP/MH/MRL/7/2014,599,NA,INDAPUR COAL BLOCK,Mining,CENTRAL MINE PLANNING AND DESIGN INSTITUTE LIMITED,1252,28-Apr-15,Maharashtra,Pending at DFO/DCF,,599
253,FP/MH/MRL/3/2015,428,8-38/2017-FC,Asalpani,Mining,MOIL LIMITED,61.28,22-Apr-15,Maharashtra,PENDING WITH-SG,11-May-17,428
252,FP/MH/MRL/2/2015,428,8-39/2017-FC,"Garkabhonga<div style=""display:none"">quetiapin ritalin <a href=""http://markenavntablet.site/quetiapin-m?¶rke-navn.asp"">markenavntablet.site</a> quetiapin wirkstoff</div>",Mining,MOIL LIMITED,84.28,21-Apr-15,Maharashtra,PENDING WITH-SG,11-May-17,428
255,FP/MH/MRL/4/2015,428,NA,Lanjhera,Mining,MOIL LIMITED,24.37,21-Apr-15,Maharashtra,Pending at RO,1-Sep-17,428
177,FP/MH/MRL/1/2015,428,NA,Mansur and Kandri,Mining,MOIL LIMITED,2.130032,19-Mar-15,Maharashtra,Pending with UA,,428
99,FP/MN/MRL/1/2014,1426,NA,"Pinghang, Leision and Kamjhong in Ukhrul District.<div style=""display:none"">quetiapin ritalin <a href=""http://markenavntablet.site/quetiapin-m?¶rke-navn.asp"">quetiapin mod angst</a> quetiapin wirkstoff</div>",Mining,MANIPUR MINES AND MINERALS PRIVATE LIMITED,0,20-Dec-14,Manipur,Draft,,1426
297,FP/ML/MRL/1/2015,7891,NA,Umnong Limestone Project-96.35 hect.,Mining,M/S MEGHALAYA CEMENTS LIMITED,0.869,1-Sep-15,Meghalaya,Pending at DFO/DCF,,7891
880,FP/OR/MRL/7/2020,1555,NA,Balda-Palsa-Jajang (BPJ) Iron Ore Mines,Mining,ODISHA MINING CORPORATION LTD,4.643,11-Jun-20,Orissa,Draft,,1555
873,FP/OR/MRL/5/2020,108918,NA,Brahmani Coal Block,Mining,ORISSA MINERALS DEVELOPMENT COMPANY LIMITED,0.965,7-May-20,Orissa,Pending at DFO/DCF,,108918
890,FP/OR/MRL/8/2020,1401,NA,Hemagiri (Sector-I),Mining,CENTRAL MINE PLANNING AND DESIGN INSTITUTE LIMITED,1405,9-Apr-20,Orissa,Pending at DFO/DCF,,1401
866,FP/OR/OTHERS/2/2020,100380,NA,Majhingamali Bauxite Block,Mining,ODISHA MINERAL EXPLORATION CORPORATION (OMECL),0.738,8-Apr-20,Orissa,PENDING WITH-SG,,100380
861,FP/OR/OTHERS/33/2019,100380,5-ORB407/2020-BHU,Nunapaimali Bauxite Block,Mining,ODISHA MINERAL EXPLORATION CORPORATION (OMECL),2.659,11-Mar-20,Orissa,IN-PRINCIPLE,30-May-20,100380
872,FP/OR/MRL/4/2020,1401,NA,TANGARDIHI EAST,Mining,CENTRAL MINE PLANNING AND DESIGN INSTITUTE LIMITED,2302,29-Feb-20,Orissa,Pending with UA,,1401
875,FP/OR/MRL/6/2020,1401,NA,TANGARDIHI,Mining,CENTRAL MINE PLANNING AND DESIGN INSTITUTE LIMITED,2411,29-Feb-20,Orissa,Pending at DFO/DCF,,1401
869,FP/OR/MRL/3/2020,80658,NA,North of Arkhapal-Srirampur (Northern Part) Coal Block,Mining,TALCHER FERTILIZERS LIMITED,325,18-Feb-20,Orissa,Pending with UA,,80658
831,FP/OR/MRL/23/2019,1401,NA,TANGARDIHI EAST COAL BLOCK,Mining,CENTRAL MINE PLANNING AND DESIGN INSTITUTE LIMITED,1325,4-Feb-20,Orissa,Pending with UA,,1401
808,FP/OR/MRL/19/2019,1401,NA,KOSALA WEST COAL BLOCK,Mining,CENTRAL MINE PLANNING AND DESIGN INSTITUTE LIMITED,175,4-Feb-20,Orissa,Pending with UA,,1401
857,FP/OR/OTHERS/32/2019,100380,NA,Karnapodikonda Bauxite Block,Mining,ODISHA MINERAL EXPLORATION CORPORATION (OMECL),7.389,3-Feb-20,Orissa,Pending at RO,19-Jun-20,100380
673,FP/OR/OTHERS/3/2018,54793,NA,Baratangra,Mining,"ATOMIC MINERALS DIRECTORATE FOR EXPLORATION AND RESEARCH,EASTERN REGION,JAMSHEDPUR",1000,25-Jan-20,Orissa,Pending with UA,,54793
852,FP/OR/MRL/31/2019,100380,NA,Tarhapani (West) Bauxite Block,Mining,ODISHA MINERAL EXPLORATION CORPORATION (OMECL),1.696,11-Dec-19,Orissa,Pending at RO,4-Jun-20,100380
836,FP/OR/OTHERS/28/2019,97704,NA,MALANGTOLI G BLOCK,Mining,MINERAL EXPLORATION CORPORATION LIMITED,1739,10-Dec-19,Orissa,Pending with UA,,97704
415,FP/OR/MRL/5/2016,14995,NA,Joda West Iron & Manganese Mine,Mining,TATA STEEL LIMITED SUKINDA CHROMITE MINE,39.084,5-Dec-19,Orissa,Draft,,14995
452,FP/OR/MRL/13/2016,14995,NA,Bamebari Iron & Manganese Mine,Mining,TATA STEEL LIMITED SUKINDA CHROMITE MINE,20.261,5-Dec-19,Orissa,Pending with UA,,14995
472,FP/OR/MRL/16/2016,14995,NA,Tiringpahar Iron & Manganese Mine,Mining,TATA STEEL LIMITED SUKINDA CHROMITE MINE,1.54,5-Dec-19,Orissa,Draft,,14995
793,FP/OR/OTHERS/8/2019,37296,NA,Taprang Manganese Block,Mining,GEOLOGICAL SURVEY OF INDIA,100,28-Nov-19,Orissa,Pending with UA,,37296
792,FP/OR/OTHERS/7/2019,37296,NA,Mandhara Manganese Block,Mining,GEOLOGICAL SURVEY OF INDIA,39,18-Nov-19,Orissa,Draft,,37296
794,FP/OR/OTHERS/9/2019,37296,NA,Devjholla Manganese Block,Mining,GEOLOGICAL SURVEY OF INDIA,49,18-Nov-19,Orissa,Draft,,37296
796,FP/OR/OTHERS/11/2019,89292,NA,"Preliminary exploration for manganese ore in Upardhodshi block, Rayagada district,Odisha (G-3).",Mining,GEOLOGICAL SURVEY OF INDIA,70,28-Oct-19,Orissa,Pending with UA,,89292
797,FP/OR/OTHERS/12/2019,89292,NA,"General exploration for manganese ore in Taldhodshi block, Raygada district, Odisha (G-2).",Mining,GEOLOGICAL SURVEY OF INDIA,188,28-Oct-19,Orissa,Pending with UA,,89292
799,FP/OR/OTHERS/14/2019,89292,NA,Podakana East block,Mining,GEOLOGICAL SURVEY OF INDIA,75,28-Oct-19,Orissa,Pending with UA,,89292
802,FP/OR/OTHERS/16/2019,89292,NA,"Preliminary exploration for Manganese in parts of Boringpadar-Amath block in the Eastern Ghats Granulite Belt, Kalahandi district, Odisha (G3 stage)",Mining,GEOLOGICAL SURVEY OF INDIA,75,28-Oct-19,Orissa,Pending with UA,,89292
835,FP/OR/OTHERS/27/2019,97704,NA,MALANGTOLI E BLOCK,Mining,MINERAL EXPLORATION CORPORATION LIMITED,1470,4-Oct-19,Orissa,Pending with UA,,97704
834,FP/OR/OTHERS/26/2019,97704,NA,MALANGTOLI D BLOCK,Mining,MINERAL EXPLORATION CORPORATION LIMITED,1660,4-Oct-19,Orissa,Pending with UA,,97704
833,FP/OR/OTHERS/25/2019,97704,NA,MALANGTOLI C BLOCK,Mining,MINERAL EXPLORATION CORPORATION LIMITED,1340,3-Oct-19,Orissa,Pending with UA,,97704
832,FP/OR/OTHERS/24/2019,97704,NA,MALANGTOLI H BLOCK,Mining,MINERAL EXPLORATION CORPORATION LIMITED,1765,3-Oct-19,Orissa,Pending with UA,,97704
784,FP/OR/OTHERS/2/2019,89144,NA,Panimara Graphite,Mining,GEOLOGICAL SURVEY OF INDIA,4140,17-Sep-19,Orissa,Pending at DFO/DCF,,89144
830,FP/OR/MRL/22/2019,1401,NA,TANGARDIHI COAL BLOCK,Mining,CENTRAL MINE PLANNING AND DESIGN INSTITUTE LIMITED,1167,13-Sep-19,Orissa,Pending at DFO/DCF,,1401
829,FP/OR/MRL/21/2019,5597,NA,DIVERSION OF UNBROKEN 3.003 HA FOREST LAND FOR UNDERTAKING EXPLORATION ACTIVITIES IN RESPECT OF SANINDPUR IRON & BAUXITE MINES (M.L AREA:147.10HA) OF M/S. RUNGTA SONS (P) LIMITED.,Mining,RUNGTA SONS PRIVATE LIMITED,3.003,10-Sep-19,Orissa,Pending with UA,,5597
824,FP/OR/MRL/20/2019,31385,NA,Nuagaon Iron Ore Mines,Mining,KAMALJEET SINGH AHLUWALIA,3.606,6-Sep-19,Orissa,Pending with UA,,31385
765,FP/OR/MRL/29/2018,72913,5-ORB382/2019-BHU,Guali Iron ore Mines of Sri Ramesh Prasad Sao,Mining,SRI RAMESH PRASAD SAO,2.054,11-Jun-19,Orissa,IN-PRINCIPLE,2-Jul-19,72913
156,FP/OR/MRL/23/2014,1555,NA,Serenda-Bhadrasahi Iron & Manganese ML,Mining,ODISHA MINING CORPORATION LTD,28.946,21-May-19,Orissa,PENDING WITH-SG,22-Oct-19,1555
701,FP/OR/MRL/11/2018,30228,5-ORB381/2019-BHU,"BALDA BLOCK IRON MINES OVER 335.594HA. OF M/S SERAJUDDIN & CO IN BALDA, NAYAGARH AND BADAKALIMATI VILLAGE, P.S-JODA,UNDER CHAMPUA SUB-DIVISION OF KEONJHAR,DISTRICT-ODISHA.",Mining,SERAJUDDIN AND CO,2.67,20-May-19,Orissa,IN-PRINCIPLE,2-Jul-19,30228
804,FP/OR/OTHERS/18/2019,89240,NA,Dengula Manganese,Mining,GEOLOGICAL SURVEY OF INDIA,35,17-May-19,Orissa,Pending with UA,,89240
803,FP/OR/OTHERS/17/2019,90726,NA,Rampalli Basemetal,Mining,GEOLOGICAL SURVEY OF INDIA,30,17-May-19,Orissa,Pending with UA,,90726
800,FP/OR/OTHERS/15/2019,89252,NA,"General exploration for copper and associated precious metals in Dudhiasol East block, Mayurbhanj district, Odisha (G2).",Mining,GEOLOGICAL SURVEY OF INDIA,30,15-May-19,Orissa,Pending with UA,,89252
691,FP/OR/MRL/6/2018,31385,5-ORB377/2019-BHU,"Nuagaon Iron ore Mines over 767.284 ha in village Nuagaon, Guali, Laidapada, Katasahi etc. under Barbil Tahasil of Keonjhar district, Odisha of Sri Kamaljeet Singh Ahluwalia",Mining,KAMALJEET SINGH AHLUWALIA,2.964,13-May-19,Orissa,IN-PRINCIPLE,2-Jul-19,31385
798,FP/OR/OTHERS/13/2019,89252,NA,Bhuiyanbasa-Netrujharan Gold Block,Mining,GEOLOGICAL SURVEY OF INDIA,109,13-May-19,Orissa,Pending with UA,,89252
789,FP/OR/OTHERS/6/2019,89237,NA,Uliburu Iron Block,Mining,GEOLOGICAL SURVEY OF INDIA,20.8,30-Apr-19,Orissa,Pending with UA,,89237
795,FP/OR/OTHERS/10/2019,89237,NA,Kendudihi Iron Block,Mining,GEOLOGICAL SURVEY OF INDIA,15,25-Apr-19,Orissa,Pending with UA,,89237
270,FP/OR/MRL/8/2015,1555,NA,Balda Palsa Jajang Iron Ore Mining Lease,Mining,ODISHA MINING CORPORATION LTD,7.41,18-Apr-19,Orissa,Pending with UA,,1555
788,FP/OR/OTHERS/5/2019,89240,NA,Champajhar-Tomka East Iron Block,Mining,GEOLOGICAL SURVEY OF INDIA,145,18-Apr-19,Orissa,Pending with UA,,89240
787,FP/OR/OTHERS/4/2019,89240,NA,Champajharan Tomka West Iron Block,Mining,GEOLOGICAL SURVEY OF INDIA,25.9,18-Apr-19,Orissa,Pending with UA,,89240
779,FP/OR/MRL/1/2019,71141,NA,Mankarnacha Iron Ore Block,Mining,DIRECTORATE OF GEOLOGY GOVT OF ODISHA,12.775,11-Mar-19,Orissa,PENDING WITH-SG,25-May-19,71141
740,FP/OR/MRL/17/2018,67528,5-ORB376/2019-BHU,Gonua Iron & Mn. Mines of Sri Pawan Kumar Ahluwalia,Mining,PAWAN KUMAR AHLUWALIA,0.732,20-Feb-19,Orissa,IN-PRINCIPLE,13-Mar-19,67528
676,FP/OR/MRL/5/2018,62423,FP/OR/MRL/5/2018,NAINI COAL BLOCK,Mining,SCCL NAINI,300,15-Feb-19,Orissa,IN-PRINCIPLE,14-Mar-19,62423
697,FP/OR/MRL/10/2018,75788,5-ORB378/2019-BHU,THAKURANI IRON ORE MINES OF M/S KAYPEE ENTERPRISES OVER ML AREA 228.04 HA.,Mining,MS KAYPEE ENTERPRISES,0.948,17-Jan-19,Orissa,IN-PRINCIPLE,13-Mar-19,75788
713,FP/OR/MRL/15/2018,26176,NA,Mahulsukha Manganese Ore Mine,Mining,ARYAN MINING AND TRADING CORPORATION PVT LTD,37.231,21-Dec-18,Orissa,Pending with UA,,26176
456,FP/OR/MRL/14/2016,5364,NA,KHONDBOND IRON & MANGANESE MINES,Mining,TATA STEEL LIMITED KHONDBOND IRON AND MN MINES,422.048,18-Dec-18,Orissa,Pending with UA,,5364
457,FP/OR/MRL/15/2016,5364,NA,JODA EAST IRON MINE,Mining,TATA STEEL LIMITED KHONDBOND IRON AND MN MINES,58.393,18-Dec-18,Orissa,Pending with UA,,5364
662,FP/OR/MRL/1/2018,71141,5-ORB380/2019-BHU,Baliapahar Iron Ore Mines,Mining,DIRECTORATE OF GEOLOGY GOVT OF ODISHA,3.389,16-Dec-18,Orissa,IN-PRINCIPLE,13-Mar-19,71141
319,FP/OR/MRL/12/2015,12417,NA,Katamati,Mining,TATA STEEL LIMITED,360.01,12-Dec-18,Orissa,Draft,,12417
761,FP/OR/OTHERS/25/2018,37296,NA,Adeswar Graphite,Mining,GEOLOGICAL SURVEY OF INDIA,4400,11-Dec-18,Orissa,Pending with UA,,37296
753,FP/OR/OTHERS/22/2018,37296,NA,Kedesala NE Iron block,Mining,GEOLOGICAL SURVEY OF INDIA,90.4,11-Dec-18,Orissa,Pending with UA,,37296
758,FP/OR/OTHERS/24/2018,37296,NA,Jhumka Pathriposhi west Iron,Mining,GEOLOGICAL SURVEY OF INDIA,106,11-Dec-18,Orissa,Pending at DFO/DCF,,37296
695,FP/OR/OTHERS/8/2018,37296,NA,"Madanasahi Block, Mayurbhanj district, Odisha",Mining,GEOLOGICAL SURVEY OF INDIA,140,7-Dec-18,Orissa,Pending at DFO/DCF,,37296
745,FP/OR/OTHERS/20/2018,37296,NA,Adash Copper,Mining,GEOLOGICAL SURVEY OF INDIA,19.31,7-Dec-18,Orissa,Pending with UA,,37296
742,FP/OR/MRL/18/2018,80459,NA,Telipadar Limestone Block,Mining,JOINT DIRECTOR GEOLOGY BALANGIR,32.422,1-Dec-18,Orissa,Draft,,80459
755,FP/OR/MRL/23/2018,7463,NA,Kamarda Chromite Mines in the Forest Block- 27.,Mining,B C MOHANTY SONS PVT LTD,0.13,19-Nov-18,Orissa,Pending with UA,,7463
703,FP/OR/MRL/12/2018,71141,NA,SGBK iron and Mn block,Mining,DIRECTORATE OF GEOLOGY GOVT OF ODISHA,12.27,12-Nov-18,Orissa,PENDING WITH-SG,10-Apr-19,71141
694,FP/OR/MRL/7/2018,74565,NA,Thakurani Iron Ore Mines,Mining,MS KAYPEE ENTERPRISES,0.948,13-Jul-18,Orissa,Draft,,74565
558,FP/OR/MRL/8/2017,1401,NA,RABIPUR COAL BLOCK,Mining,CENTRAL MINE PLANNING AND DESIGN INSTITUTE LIMITED,841,7-Jul-18,Orissa,Draft,,1401
675,FP/OR/MRL/4/2018,62423,NA,NAINI coal block,Mining,SCCL NAINI,300,1-Jun-18,Orissa,Draft,,62423
140,FP/OR/MRL/17/2014,1555,8-41/2018-FC,Parulipada Manganese Mines,Mining,ODISHA MINING CORPORATION LTD,6.699,9-Jan-18,Orissa,IN-PRINCIPLE,17-Feb-18,1555
493,FP/OR/MRL/3/2017,1555,8-50/2018-FC,Block-II (Chromite),Mining,ODISHA MINING CORPORATION LTD,5.782,6-Jan-18,Orissa,IN-PRINCIPLE,22-Jun-18,1555
494,FP/OR/MRL/4/2017,1555,8-51/2018-FC,Block-I (Chromite),Mining,ODISHA MINING CORPORATION LTD,7.54,6-Jan-18,Orissa,IN-PRINCIPLE,26-Apr-18,1555
139,FP/OR/MRL/16/2014,1555,8-43/2018-FC,Dalki Iron & Manganese Mining Lease,Mining,ODISHA MINING CORPORATION LTD,7.94,19-Dec-17,Orissa,IN-PRINCIPLE,12-Mar-18,1555
261,FP/OR/MRL/6/2015,1555,8-42/2018-FC,Roida-78 Managanese Mines,Mining,ODISHA MINING CORPORATION LTD,5.597,14-Dec-17,Orissa,IN-PRINCIPLE,9-Mar-18,1555
530,FP/OR/MRL/7/2017,1401,NA,KONARK COAL BLOCK,Mining,CENTRAL MINE PLANNING AND DESIGN INSTITUTE LIMITED,584,15-Sep-17,Orissa,Draft,,1401
479,FP/OR/MRL/1/2017,46691,8-62/2017-FC,LASARDA PACHERI MANGANESE BLOCK OF M/S THRIVENI EARTHMOVERS PRIVATE LIMITED.,Mining,MS THRIVENI EARTHMOVERS PRIVATE LIMITED,183.875,12-Sep-17,Orissa,IN-PRINCIPLE,7-Nov-17,46691
516,FP/OR/MRL/6/2017,8900,NA,BAGIYABAHAL- BARATANGARA,Mining,"ATOMIC MINERALS DIRECTORATE FOR EXPLORATION AND RESEARCH,EASTERN REGION,JAMSHEDPUR",1000,10-Aug-17,Orissa,Draft,,8900
515,FP/OR/MRL/5/2017,8900,NA,KESHARPUR-KANJIA,Mining,"ATOMIC MINERALS DIRECTORATE FOR EXPLORATION AND RESEARCH,EASTERN REGION,JAMSHEDPUR",500,10-Aug-17,Orissa,Draft,,8900
263,FP/OR/MRL/7/2015,1555,NA,"Umpavally Limestone Mining Lease<div style=""display:none"">quetiapin ritalin <a href=""http://markenavntablet.site/quetiapin-m?¶rke-navn.asp"">quetiapin mod angst</a> quetiapin wirkstoff</div>",Mining,ODISHA MINING CORPORATION LTD,10.85,7-Apr-17,Orissa,Draft,,1555
491,FP/OR/MRL/2/2017,1555,5-ORB331/2017-BHU,Block III (Chromite),Mining,ODISHA MINING CORPORATION LTD,1.502,6-Apr-17,Orissa,IN-PRINCIPLE,7-Dec-17,1555
168,FP/OR/MRL/27/2014,1555,8-49/2017-FC,Roida-C Iron & Manganese Mining Lease,Mining,ODISHA MINING CORPORATION LTD,4.62,25-Nov-16,Orissa,IN-PRINCIPLE,22-Jul-17,1555
352,FP/OR/MRL/20/2015,1401,NA,Dip side of Palasuni East Coal Block,Mining,CENTRAL MINE PLANNING AND DESIGN INSTITUTE LIMITED,0.26,29-Oct-16,Orissa,Draft,,1401
436,FP/OR/MRL/6/2016,37296,NA,Badampahar-Suleipat-Jashipur area,Mining,GEOLOGICAL SURVEY OF INDIA,200,1-Jul-16,Orissa,Draft,,37296
448,FP/OR/MRL/12/2016,37296,NA,PODAKANA EAST BLOCK,Mining,GEOLOGICAL SURVEY OF INDIA,75,1-Jul-16,Orissa,Draft,,37296
437,FP/OR/MRL/7/2016,37296,NA,BALADA block of Eastern ghats Granulite belt,Mining,GEOLOGICAL SURVEY OF INDIA,100,30-Jun-16,Orissa,Draft,,37296
444,FP/OR/MRL/8/2016,37296,NA,Rukunibori-Loharpadar block,Mining,GEOLOGICAL SURVEY OF INDIA,302,30-Jun-16,Orissa,Draft,,37296
445,FP/OR/MRL/9/2016,37296,NA,Anujurhi Block,Mining,GEOLOGICAL SURVEY OF INDIA,300,30-Jun-16,Orissa,Draft,,37296
446,FP/OR/MRL/10/2016,37296,NA,TALA CHHELIANAL AREA,Mining,GEOLOGICAL SURVEY OF INDIA,300,30-Jun-16,Orissa,Draft,,37296
447,FP/OR/MRL/11/2016,37296,NA,KUTINGA BLOCK,Mining,GEOLOGICAL SURVEY OF INDIA,25,30-Jun-16,Orissa,Draft,,37296
389,FP/OR/MRL/2/2016,14995,NA,Boneikela Block of Bamebari Iron & Manganese Mine,Mining,TATA STEEL LIMITED SUKINDA CHROMITE MINE,163.982,29-Apr-16,Orissa,Draft,,14995
354,FP/OR/MRL/21/2015,5736,NA,"Thakurani Iron ore Mines, Block-B, Dist-Keonjhar. M/s sarda Mines Pvt. Ltd.",Mining,SARDA MINES PRIVATE LIMITED,16.297,4-Jan-16,Orissa,Pending with UA,,5736
194,FP/OR/MRL/1/2015,1555,NA,Rayagada,Mining,ODISHA MINING CORPORATION LTD,215.79,7-Dec-15,Orissa,Draft,,1555
350,FP/OR/MRL/18/2015,1401,NA,Balabhadra North Extension Coal Block,Mining,CENTRAL MINE PLANNING AND DESIGN INSTITUTE LIMITED,0.52,16-Nov-15,Orissa,Draft,,1401
348,FP/OR/MRL/17/2015,1401,NA,"Saradhapur Coal Block<div style=""display:none"">quetiapin ritalin <a href=""http://markenavntablet.site/quetiapin-m?¶rke-navn.asp"">quetiapin und valdoxan</a> quetiapin wirkstoff</div>",Mining,CENTRAL MINE PLANNING AND DESIGN INSTITUTE LIMITED,0.3,13-Nov-15,Orissa,Draft,,1401
337,FP/OR/MRL/14/2015,11554,NA,"Telkoi<div style=""display:none"">quetiapin ritalin <a href=""http://markenavntablet.site/quetiapin-m?¶rke-navn.asp"">quetiapin und valdoxan</a> quetiapin wirkstoff</div>",Mining,EXECUTIVE ENGINEER,1,8-Nov-15,Orissa,Draft,,11554
305,FP/OR/MRL/10/2015,10024,NA,CBM IB-Valley Block(IB-CBM-2008/IV),Mining,Essar Oil Limited,1.9012,24-Aug-15,Orissa,Pending with UA,,10024
307,FP/OR/MRL/11/2015,1401,NA,Palasbani West Coal Block,Mining,CENTRAL MINE PLANNING AND DESIGN INSTITUTE LIMITED,1229,18-Aug-15,Orissa,Draft,,1401
216,FP/OR/MRL/2/2015,6651,NA,"Granted ML area in favour of M/s Industrial Development Corporation Of Odisha Ltd.,over 505.048ha. for chromite in Villages Tangarpada, Arasahi, Nokapali, Oringa, Lokanathpur, Mathakaragola and Maulbhanja RF in Dhenkanal Dist., Odisha",Mining,INDUSTRIAL DEVELOPMENT CORPORATION OF ODISHA LTD,18.639,25-Mar-15,Orissa,Pending With UA,,6651
147,FP/OR/MRL/19/2014,1555,8-18/2015-FC,"Proposal for according permission for use of 9.696 hectare of forest land within total Mining lease area of 971.245 ha. in Kaliapani Chromite Mining lease located in Sukinda Forest Range of Cuttack Forest Division for undertaking exploratory drilling of 96 no. of boreholes of 4‚Äù dia (96 boreholes @ 0.02 ha each totalling 1.92 ha and 7.776 ha. for construction of road) by M/s Odisha Mining Corporation Ltd.,(Sukinda)",Mining,ODISHA MINING CORPORATION LTD,751.34,27-Jan-15,Orissa,IN-PRINCIPLE,2-Jun-15,1555
146,FP/OR/MRL/18/2014,1555,8-45/2016-FC,KAMAKHYANAGAR,Mining,ODISHA MINING CORPORATION LTD,176.69,5-Jan-15,Orissa,IN-PRINCIPLE,29-Sep-16,1555
169,FP/OR/MRL/28/2014,1555,NA,Rayagada,Mining,ODISHA MINING CORPORATION LTD,454.79,31-Dec-14,Orissa,Pending with UA,,1555
157,FP/OR/MRL/24/2014,1555,NA,Hatadihi,Mining,ODISHA MINING CORPORATION LTD,295.389,30-Dec-14,Orissa,Pending with UA,,1555
162,FP/OR/MRL/26/2014,2382,NA,CBM Block-TL-CBM-2008/IV,Mining,ESSAR OIL LIMITED,3.026,26-Dec-14,Orissa,Pending With UA,,2382
161,FP/OR/MRL/25/2014,2382,NA,CBM Block-IB-CBM-2008/IV,Mining,ESSAR OIL LIMITED,2.875,26-Dec-14,Orissa,Pending With UA,,2382
155,FP/OR/MRL/22/2014,1555,5-ORB246/2015-BHU,Sukinda,Mining,ODISHA MINING CORPORATION LTD,23.243,15-Dec-14,Orissa,IN-PRINCIPLE,9-Apr-15,1555
154,FP/OR/MRL/21/2014,1555,NA,Hatadihi,Mining,ODISHA MINING CORPORATION LTD,207.36,15-Dec-14,Orissa,Pending with UA,,1555
153,FP/OR/MRL/20/2014,1555,8-16/2015-FC,"Proposal for according permission for use of 14.642 hectares of forest land within total Mining lease area of 936.22 ha. (Forest land 700.12 ha + non-forest land 236.10 ha.) in Kalarangi Chromite Mining Lease located in villages like Kalarangiatta, Baragaji, Ransol and Mahulkhal in Sukinda Forest Range of Cuttack Forest Division in Jajpur district, Odisha for undertaking exploratory drilling of 214 no. of boreholes of 4‚Äù dia (134 boreholes over 2.68 ha. forest land and 80 no. of boreholes in non-forest land) and 11.962 ha. for construction of road by M/s Odisha Mining Corporation Ltd.,(Sukinda)",Mining,ODISHA MINING CORPORATION LTD,700.12,15-Dec-14,Orissa,IN-PRINCIPLE,24-Apr-15,1555
131,FP/OR/MRL/15/2014,1555,8-29/2017-FC,"Kankadahada<div style=""display:none"">quetiapin ritalin <a href=""http://markenavntablet.site/quetiapin-m?¶rke-navn.asp"">markenavntablet.site</a> quetiapin wirkstoff</div>",Mining,ODISHA MINING CORPORATION LTD,504.3,10-Dec-14,Orissa,IN-PRINCIPLE,21-Jul-16,1555
42,FP/OR/MRL/3/2014,536,8-20/2015-FC,"Proposal for according permission for use of 2.000 ha. of forest land within total forest land of 400 ha. (Out of total prospecting lease area of 816 ha.) in Meenakshi B coal Block and Dip-side of Meenakshi coal block located in Hemgir Tahasil in Sundargarh Forest Division of Sundargarh District of Odisha for undertaking exploratory drilling of 50 no. of boreholes of 6‚Äù dia and 50 no. of sumps of 20MtX20mtX0.5Mt diamantine (50 boreholes @ 0.0000018232 ha each totalling 0.0001 ha. and digging of 50 sumps @ 0.04 ha. each totalling 2.00 ha.) by M/s Orissa Integrated Power Limited (a wholly owned subsidiary of the Power Finance Corporation Limited, A Government of India Undertaking),(Meenakshi B & Dip Side of Meenakshi).",Mining,ORISSA INTEGRATED POWER LIMITED,400,8-Dec-14,Orissa,IN-PRINCIPLE,13-Jul-15,536
126,FP/OR/MRL/14/2014,1555,8-17/2015-FC,"Proposal for according permission for use of 6.5495 hectares of forest land within total Mining lease area of 185.81 ha. (entirely within Mahagiri DPF) in Balipada ‚Äì Mahagiri Chromite Mining Lease located in Sukinda Forest Range of Cuttack Forest Division in Jajpur district, Odisha for undertaking exploratory drilling of 82 no. of boreholes of 4‚Äù dia (1.64 ha for construction of road) by M/s Odisha Mining Corporation Ltd(Sukinda)<div style=""display:none"">quetiapin ritalin <a href=""http://markenavntablet.site/quetiapin-m?¶rke-navn.asp"">quetiapin und valdoxan</a> quetiapin wirkstoff</div>",Mining,ODISHA MINING CORPORATION LTD,185.81,7-Dec-14,Orissa,IN-PRINCIPLE,9-Apr-15,1555
115,FP/OR/MRL/12/2014,1401,NA,Tentuloi Coal Block,Mining,CENTRAL MINE PLANNING AND DESIGN INSTITUTE LIMITED,231,3-Dec-14,Orissa,Pending at CF/CCF,,1401
113,FP/OR/MRL/10/2014,1401,NA,Belpahar and Dip side (Dip side of Lakhanpur) Coal Block,Mining,CENTRAL MINE PLANNING AND DESIGN INSTITUTE LIMITED,456,2-Dec-14,Orissa,Pending with UA,,1401
103,FP/OR/MRL/5/2014,1401,NA,Tribira Coal Block,Mining,CENTRAL MINE PLANNING AND DESIGN INSTITUTE LIMITED,0,1-Dec-14,Orissa,Pending at CF/CCF,,1401
108,FP/OR/MRL/6/2014,1401,NA,Balabhadra West Extension Coal Block,Mining,CENTRAL MINE PLANNING AND DESIGN INSTITUTE LIMITED,0,29-Nov-14,Orissa,Pending with UA,,1401
114,FP/OR/MRL/11/2014,1401,NA,Ghogarpalli and it's Dip Extn. Coal Block,Mining,CENTRAL MINE PLANNING AND DESIGN INSTITUTE LIMITED,704,28-Nov-14,Orissa,Pending with UA,,1401
116,FP/OR/MRL/13/2014,1401,NA,Phuljhari East and West Coal Block,Mining,CENTRAL MINE PLANNING AND DESIGN INSTITUTE LIMITED,221,27-Nov-14,Orissa,Pending with UA,,1401
111,FP/OR/MRL/8/2014,1401,NA,Burapahar Coal Block,Mining,CENTRAL MINE PLANNING AND DESIGN INSTITUTE LIMITED,294,26-Nov-14,Orissa,Pending with UA,,1401
109,FP/OR/MRL/7/2014,1401,NA,Brahmani Coal Block,Mining,CENTRAL MINE PLANNING AND DESIGN INSTITUTE LIMITED,576,26-Nov-14,Orissa,Pending at DFO/DCF,,1401
112,FP/OR/MRL/9/2014,1401,NA,Chatabar East Coal Block,Mining,CENTRAL MINE PLANNING AND DESIGN INSTITUTE LIMITED,83,25-Oct-14,Orissa,Draft,,1401
29,FP/OR/MRL/1/2014,473,8-04/2015-FC,"Chandrabila, Talcher Coalfields",Mining,NTPC,249,22-Sep-14,Orissa,Asked for Improvement by FAC,9-Jan-15,473
382,FP/PB/MRL/3/2016,16822,NA,House,Mining,HARJINDER SINGH,0.062,5-Apr-16,Punjab,Draft,,16822
378,FP/PB/MRL/1/2016,30511,NA,Industrial Training Institute Niari,Mining,INDUSTRIYAL TRIANING INSTITUTE,0.3603,29-Mar-16,Punjab,Draft,,30511
379,FP/PB/MRL/2/2016,30511,NA,Industrial Training Institute,Mining,INDUSTRIYAL TRIANING INSTITUTE,0.3603,17-Mar-16,Punjab,Draft,,30511
208,FP/PB/MRL/3/2015,6389,NA,"Diversion of 0.096288 ha. forest land ( All ready approved area 0.0170 Ha + Additional Area 0.079288 ha ) for approach road for setting up a retail outlet of Indian Oil Corporation Ltd at village Kaunterpur on Jalandhar to Pathankot road , km Stone 95 L/Side Existing NH 1A (New NH 44) district Pathankot.",Mining,NEERAJ GUPTA DY MANAGER (RETAIL SALES) INDIAN OIL CORPORATION LIMITED PATHANKOT,0.07928,10-Mar-15,Punjab,Draft,,6389
207,FP/PB/MRL/2/2015,6389,NA,"Diversion of 0.096288 ha. forest land ( All ready approved area 0.0170 Ha + Additional Area 0.079288 ha ) for approach road for setting up a retail outlet of Indian Oil Corporation Ltd at village Kaunterpur on Jalandhar to Pathankot road , km Stone 95 L/Side Existing NH 1A (New NH 44) district Pathankot.",Mining,NEERAJ GUPTA DY MANAGER (RETAIL SALES) INDIAN OIL CORPORATION LIMITED PATHANKOT,0.079288,10-Mar-15,Punjab,Draft,,6389
541,FP/RJ/MRL/2/2017,30780,8-27/2019-FC,Zawar ML-03/89 Block for Lead & Zinc.,Mining,HINDUSTAN ZINC LIMITED,1422.97,26-Apr-19,Rajasthan,Pending at CF/CCF,27-Aug-19,30780
356,FP/RJ/MRL/9/2015,17351,NA,"Chari(NW)block<div style=""display:none"">quetiapin ritalin <a href=""http://markenavntablet.site/quetiapin-m?¶rke-navn.asp"">quetiapin und valdoxan</a> quetiapin wirkstoff</div>",Mining,GEOLOGICAL SURVEY OF INDIA,100,1-Jul-16,Rajasthan,Under Examination,,17351
229,FP/RJ/MRL/6/2015,6812,NA,NEAR VILLAGE: AMLITEH.: PINWADADIST. : SIROHI(PAHADKALA FOREST BLOCK),Mining,RAVI REALMART PVT LTD,240,22-Aug-15,Rajasthan,Pending with UA,,6812
230,FP/RJ/MRL/7/2015,6815,NA,NEAR VILLAGE : KAGDRATEHSIL : BALIDIST. PALI(NANA FOREST BLOCK),Mining,TRINITY INFOPARK PVT LTD,161.17,9-Apr-15,Rajasthan,Pending at DFO/DCF,,6815
232,FP/RJ/MRL/8/2015,6894,NA,NEAR VILLAGE: VIRAMPURA TEHSIL: BALI DIST. PALI (NANA FOREST BLOCK),Mining,GEETANJALI MARBLE,697.78,9-Apr-15,Rajasthan,Pending at DFO/DCF,,6894
227,FP/RJ/MRL/4/2015,6811,NA,"NEAR VILLAGE BASANTGARH TEH: PINWADA DIST. SIROHI (RAMPURA & RAMESWAR BLOCK)<div style=""display:none"">quetiapin ritalin <a href=""http://markenavntablet.site/quetiapin-m?¶rke-navn.asp"">markenavntablet.site</a> quetiapin wirkstoff</div>",Mining,RAHUL MARBLES PVT LTD,632.9486,8-Apr-15,Rajasthan,Pending with UA,,6811
226,FP/RJ/MRL/3/2015,6907,NA,NEAR VILLAGE AMLI TEHSIL: PINWADA DIST.: SIROHI (PHADKALA BLOCK ),Mining,KRISHNA MARBLE,300.2649,8-Apr-15,Rajasthan,PENDING WITH-SG,,6907
848,FP/TN/MRL/2/2019,100845,NA,PROPOSED NEW QUARRY,Mining,SIVARAJ,0,20-Nov-19,Tamil Nadu,Under Examination,,100845
815,FP/TN/MRL/1/2019,94530,NA,Paulpandi Stone Quarry,Mining,PAULPANDI STONE QUARRY,0,20-Jul-19,Tamil Nadu,Under Examination,,94530
370,FP/TN/MRL/1/2016,12695,NA,Rasimalai Block,Mining,ATOMIC MINERALS DIRECTORATE FOR EXPLORATION AND RESEARCH BENGALURU,64.03,20-Dec-16,Tamil Nadu,Draft,,12695
163,FP/TG/MRL/1/2014,2206,NA,Amrabad-Udimilla (Mahabubnagar district) & Narayanpur (Nalgonda district) Telangana State.,Mining,SOUTH CENTRAL REGION AMD DAE,8300,20-May-20,Telangana,PENDING WITH-SG,,2206
823,FP/TG/MRL/4/2019,7827,NA,KACHINAPALLI BLOCK-III,Mining,SINAGRENI COLLIERIES COMPANY LIMITED,212,17-Aug-19,Telangana,Draft,,7827
805,FP/TG/MRL/3/2019,7827,NA,TADICHERLA BLOCK-II,Mining,SINAGRENI COLLIERIES COMPANY LIMITED,478.68,22-Jul-19,Telangana,Under Examination,,7827
801,FP/TG/MRL/2/2019,7827,NA,Chinnur South Block-3,Mining,SINAGRENI COLLIERIES COMPANY LIMITED,1206,15-May-19,Telangana,Draft,,7827
782,FP/TG/MRL/1/2019,7827,NA,Shantikhani Mine Block,Mining,SINAGRENI COLLIERIES COMPANY LIMITED,911,5-Apr-19,Telangana,Draft,,7827
747,FP/TG/OTHERS/15/2018,80824,NA,"Ragampet Block, Karimnagar District, Telangana",Mining,GEOLOGICAL SURVEY OF INDIA,0.2502,7-Jan-19,Telangana,Under Examination,,80824
556,FP/TG/MRL/5/2017,61118,NA,"Bayyaram Block, Pagaderu village, Manuguru",Mining,GSICR,0.04,27-Nov-18,Telangana,Under Examination,,61118
746,FP/TG/MRL/14/2018,7827,NA,TADICHERLA BLOCK-II,Mining,SINAGRENI COLLIERIES COMPANY LIMITED,1642,6-Nov-18,Telangana,Draft,,7827
744,FP/TG/MRL/13/2018,7827,NA,KACHINAPALLI BLOCK-II,Mining,SINAGRENI COLLIERIES COMPANY LIMITED,497.41,6-Nov-18,Telangana,Draft,,7827
708,FP/TG/MRL/12/2018,7827,NA,Khairagura Block South - 49 Boreholes,Mining,SINAGRENI COLLIERIES COMPANY LIMITED,488.29,11-Sep-18,Telangana,Draft,,7827
496,FP/TG/MRL/4/2017,7827,NA,PENAGADDPPA COAL MINE,Mining,SINAGRENI COLLIERIES COMPANY LIMITED,231,4-May-18,Telangana,IN-PRINCIPLE,14-Mar-19,7827
659,FP/TG/MRL/11/2018,7827,NA,SOUTH OF KHAIRAGURA BLOCK,Mining,SINAGRENI COLLIERIES COMPANY LIMITED,0,13-Apr-18,Telangana,Draft,,7827
473,FP/TG/MRL/1/2017,45221,NA,Siddapa gutta,Mining,GEOLOGICAL SURVEY OF INDIA,0,10-Jan-17,Telangana,Draft,,45221
419,FP/TG/MRL/4/2016,33259,NA,Nalgonda,Mining,GEOLOGICAL SURVEY OF INDIA,14493,25-May-16,Telangana,Draft,,33259
409,FP/TG/MRL/2/2016,33259,NA,Medaram Block (TS No. 65B/3),Mining,GEOLOGICAL SURVEY OF INDIA,20000,20-May-16,Telangana,Draft,,33259
413,FP/TG/MRL/3/2016,33259,NA,"AMRABAD RESERVED FOREST OF MAHBUBNAGAR DIST, TELANGANA",Mining,GEOLOGICAL SURVEY OF INDIA,6200,19-May-16,Telangana,Draft,,33259
367,FP/TG/MRL/1/2016,18232,NA,"Damarcherla,Duradapadu,Guntimadugu,Dacharam,Katkuru,Tirumalakunta,Bedadanuru,Lachapet & Vedanatpuram Reserve Forest blocks in Khammam district",Mining,GEOLOGICAL SURVEY OF INDIA,50000,6-Jan-16,Telangana,Draft,,18232
360,FP/TG/MRL/2/2015,18232,NA,Lingala block comes under Achampet,Mining,GEOLOGICAL SURVEY OF INDIA,20000,16-Dec-15,Telangana,Draft,,18232
359,FP/TG/MRL/1/2015,18232,NA,Kollapur and Lingal blocks under Achampet,Mining,GEOLOGICAL SURVEY OF INDIA,50000,16-Dec-15,Telangana,Draft,,18232
884,FP/TR/MRL/3/2020,8364,NA,Exploratory Drilling Location ROBM,Mining,ONGC,3.054,24-Jun-20,Tripura,Draft,,8364
886,FP/TR/MRL/5/2020,8364,NA,Drilling of Exploratory Location BMSU in West Tripura PML,Mining,ONGC,2.652,5-May-20,Tripura,Draft,,8364
879,FP/TR/MRL/2/2020,8364,NA,Exploratory Location SDAH in Tichna Block,Mining,ONGC,2.978,1-May-20,Tripura,Draft,,8364
401,FP/TR/MRL/10/2016,8364,NA,Location ADAG in Agartala Dome Block,Mining,ONGC,0.809,24-Apr-20,Tripura,Draft,,8364
211,FP/TR/MRL/9/2015,397,NA,"Tripura Oil and Gas Exploration Block AA-ONN-2002/1 NELP-IV Proposal for diversion of 2.036 Hact. (5.031 Acre) forest land for Drill Site,Waste Pit, Drill Site Accommodation TSR Camp for location called Dev 37A",Mining,JUBILANT OIL AND GAS PVT LTD,2.036,27-May-17,Tripura,Pending with UA,,397
215,FP/TR/MRL/10/2015,397,NA,Tripura Oil & Gas Exploration Block AA-ONN-2002/1 NELP-IV Jubilant Oil and Gas Pvt. Ltd. and GAIL(INDIA)LTD. Proposal for diversion of 2.031 Hact.(5.017 Acre) Forest land for construction of Drill Site Wastepit Drill Site Accommodation TSR Camp and its approach road for location called Dev 34A-1.,Mining,JUBILANT OIL AND GAS PVT LTD,2.031,27-May-17,Tripura,Pending with UA,,397
266,FP/TR/MRL/12/2015,397,NA,"Tripura Oil and Gas Exploration Block AA-ONN-2002/1 NELP-IV (Jubilant Oil & Gas Pvt.Ltd. and GAIL (INDIA) LTD. Proposal for diversion of 1.572 Hact (3.884 acre)Forest Land for construction of Drill Site Waste pit Drill Site Accommodation and TSR Camp for location called Dev 37B.<div style=""display:none"">quetiapin ritalin <a href=""http://markenavntablet.site/quetiapin-m?¶rke-navn.asp"">markenavntablet.site</a> quetiapin wirkstoff</div>",Mining,JUBILANT OIL AND GAS PVT LTD,1.572,27-May-17,Tripura,Pending with UA,,397
394,FP/TR/MRL/6/2016,8364,NA,"Location IRO#1 (RO#29) in Rokhia Block<div style=""display:none"">quetiapin ritalin <a href=""http://markenavntablet.site/quetiapin-m?¶rke-navn.asp"">quetiapin und valdoxan</a> quetiapin wirkstoff</div><div style=""display:none"">quetiapin ritalin <a href=""http://markenavntablet.site/quetiapin-m?¶rke-navn.asp"">markenavntablet.site</a> quetiapin wirkstoff</div>",Mining,ONGC,0.809,24-Oct-16,Tripura,Draft,,8364
203,FP/TR/MRL/7/2015,397,NA,Tripura Oil and Gas Exploration Block AA-ONN-2002/1 NELP-IV,Mining,JUBILANT OIL AND GAS PVT LTD,3.909,18-Jul-16,Tripura,Pending with UA,,397
143,FP/TR/MRL/4/2014,397,3 TRC 027/2015-SHI,Tripura Oil & Gas Exploration Block AA-ONN-2002/1 NELP-IV,Mining,JUBILANT OIL AND GAS PVT LTD,7.757,26-Nov-14,Tripura,Pending at RO,20-Apr-15,397
843,FP/UP/MRL/1/2019,94766,NA,"G2 Level exploration for Phosphorite Block in Sonrai rock phosphate deposit Tehsil Madawara, District Lalitpur Uttar pradesh",Mining,DIRECTORATE OF GEOLOGY AND MINING UP,145.455,11-Mar-20,Uttar Pradesh,Pending at DFO/DCF,,94766
767,FP/UP/MRL/7/2018,590,NA,"Prospecting of Atomic Minerals in Siroti, Kudar and Nimna Forest Blocks of Renukut Division District Sonbhadra U.P.",Mining,Regional Director Northern Region Atomic Minerals Directorate,1500,9-Sep-19,Uttar Pradesh,Pending with UA,,590
488,FP/UP/MRL/1/2017,49528,NA,Naktu Area of NIMNA P F District Sonbhadra,Mining,Regional Director Northern Region Atomic Minerals Directorate,39,3-May-17,Uttar Pradesh,Draft,,49528
850,FP/UK/MRL/2/2019,102035,NA,"Picking of sand, bajri and boulders in Khasra No. 821 Ka, 816 Ri, Village Shaheedwala Grant, Tehsil Bhagwanpur, Distt. Haridwar",Mining,SWRAJ SINGH S/O MOHAR SINGH,0,3-Dec-19,Uttarakhand,Under Examination,,102035
206,FP/UK/MRL/8/2015,5849,NA,"Extraction of Sub Minerals in Ghuna River, Nainital Forest Division",Mining,"Uttarakhand Forest Development Corporation, Dehradun",15.88,29-Oct-15,Uttarakhand,Draft,,5849
816,FP/WB/MRL/1/2019,94258,NA,"Khatanga Block, Purulia district, West Bengal",Mining,GEOLOGICAL SURVEY OF INDIA SU WBAN,80,6-Dec-19,West Bengal,Draft,,94258
